,0,1,2,3,4,5,6,7,8,9,10,11,12,13,14,15,16,17,18,19,20,21
0,1,2,2,1,0,400,2,54,182,octf2cw.bmp,I5,1712582987.341505,1712582987.7924626,rshift,"[['lshift', 13.987223399999948]]",1712582988.492579,1712582988.5085363,None,None,None,1712582989.2261496,None
1,1,2,2,0,0,300,2,52,180,octe1cw.bmp,I2,1712582989.84274,1712582990.1932573,rshift,"[['lshift', 16.281231999999818]]",1712582990.8932376,1712582990.9101934,None,None,None,1712582991.6280658,None
2,1,2,1,0,0,300,2,51,179,octe5cw.bmp,S4,1712582992.2454913,1712582992.5957887,lshift,"[['lshift', 18.680764600000202]]",1712582993.2954354,1712582993.31239,None,None,None,1712582994.0302444,None
3,1,1,1,1,0,250,1,1,65,Squb6cw.bmp,S2,1712582994.6471872,1712582994.9470077,lshift,"[['lshift', 21.03198059999977]]",1712582995.6466389,1712582995.6640441,None,None,None,1712582996.3821704,None
4,1,1,2,1,1,300,1,8,72,Squb7cw.bmp,I1,1712582996.9987595,1712582997.3492515,rshift,"[['lshift', 23.434251199999835]]",1712582998.049448,1712582998.0664027,1712582998.7839959,"[['lctrl', 26.923286499999904]]",1712583001.8382456,1712583001.8526673,None
5,1,2,1,1,0,300,2,53,181,octb6.bmp,S3,1712583002.4703836,1712583002.8209019,lshift,"[['lshift', 28.906151600000157]]",1712583003.5212967,1712583003.5372996,None,None,None,1712583004.2547438,None
6,1,2,1,1,0,400,2,53,181,octb3.bmp,S5,1712583004.872339,1712583005.3219917,lshift,"[['lshift', 31.406971700000213]]",1712583006.021612,1712583006.0391614,None,None,None,1712583006.7565227,None
7,1,1,2,1,0,350,1,2,66,Squa4cw.bmp,I3,1712583007.3740945,1712583007.7745845,rshift,"[['lshift', 33.86013110000022]]",1712583008.4751246,1712583008.491082,None,None,None,1712583009.2086902,None
8,1,2,1,0,1,250,2,57,185,octf8cw.bmp,S1,1712583009.826269,1712583010.1280918,lshift,"[['lshift', 36.21328790000007]]",1712583010.8283558,1712583010.8439238,1712583011.5605242,"[['rctrl', 38.37429410000004]]",1712583013.2892628,1712583013.3122017,None
9,1,2,2,1,0,200,2,54,182,octa3cw.bmp,I4,None,None,None,None,None,None,None,None,None,None,None
10,1,2,2,0,0,350,2,52,180,octf4cw.bmp,I3,None,None,None,None,None,None,None,None,None,None,None
11,1,1,1,0,0,200,1,3,67,Squd7cw.bmp,S5,None,None,None,None,None,None,None,None,None,None,None
12,1,2,1,0,0,250,2,51,179,octe4cw.bmp,S4,None,None,None,None,None,None,None,None,None,None,None
13,1,1,2,1,1,350,1,8,72,sque8cw.bmp,I1,None,None,None,None,None,None,None,None,None,None,None
14,1,1,2,0,0,350,1,4,68,Squa2cw.bmp,I2,None,None,None,None,None,None,None,None,None,None,None
15,1,1,1,1,1,200,1,7,71,Squd3cw.bmp,S1,None,None,None,None,None,None,None,None,None,None,None
16,1,2,2,0,0,200,2,52,180,octe6cw.bmp,I5,None,None,None,None,None,None,None,None,None,None,None
17,1,1,2,1,0,400,1,2,66,Squa3cw.bmp,I4,None,None,None,None,None,None,None,None,None,None,None
18,1,2,1,0,0,250,2,51,179,octf7cw.bmp,S2,None,None,None,None,None,None,None,None,None,None,None
19,1,2,2,1,0,250,2,54,182,octa7cw.bmp,I4,None,None,None,None,None,None,None,None,None,None,None
20,1,2,1,0,1,400,2,57,185,octd7cw.bmp,S3,None,None,None,None,None,None,None,None,None,None,None
21,1,1,1,1,0,350,1,1,65,Squd5cw.bmp,S2,None,None,None,None,None,None,None,None,None,None,None
22,1,1,2,0,0,300,1,4,68,sque2cw.bmp,I3,None,None,None,None,None,None,None,None,None,None,None
23,1,1,2,1,0,200,1,2,66,Squb5cw.bmp,I5,None,None,None,None,None,None,None,None,None,None,None
24,1,2,1,0,0,350,2,51,179,octe2cw.bmp,S1,None,None,None,None,None,None,None,None,None,None,None
25,1,1,1,1,1,250,1,7,71,sque6cw.bmp,S5,None,None,None,None,None,None,None,None,None,None,None
26,1,2,2,0,0,250,2,52,180,octe7cw.bmp,I2,None,None,None,None,None,None,None,None,None,None,None
27,1,2,2,0,0,300,2,52,180,octd8cw.bmp,I1,None,None,None,None,None,None,None,None,None,None,None
28,1,2,1,0,0,200,2,51,179,octf3cw.bmp,S3,None,None,None,None,None,None,None,None,None,None,None
29,1,1,2,0,0,200,1,4,68,squf7cw.bmp,I1,None,None,None,None,None,None,None,None,None,None,None
30,1,2,2,0,1,250,2,58,186,octd1cw.bmp,I4,None,None,None,None,None,None,None,None,None,None,None
31,1,2,1,0,0,400,2,51,179,octb4.bmp,S4,None,None,None,None,None,None,None,None,None,None,None
32,1,1,2,1,0,250,1,2,66,sque3cw.bmp,I5,None,None,None,None,None,None,None,None,None,None,None
33,1,2,2,0,0,250,2,52,180,octd5cw.bmp,I3,None,None,None,None,None,None,None,None,None,None,None
34,1,1,1,1,0,200,1,1,65,Squa1cw.bmp,S1,None,None,None,None,None,None,None,None,None,None,None
35,1,1,1,1,1,300,1,7,71,squf4cw.bmp,S4,None,None,None,None,None,None,None,None,None,None,None
36,1,2,2,0,0,200,2,52,180,octf5cw.bmp,I2,None,None,None,None,None,None,None,None,None,None,None
37,1,1,1,1,1,400,1,7,71,Squa6cw.bmp,S2,None,None,None,None,None,None,None,None,None,None,None
38,1,1,1,0,0,400,1,3,67,Squb3cw.bmp,S5,None,None,None,None,None,None,None,None,None,None,None
39,1,1,2,0,0,250,1,4,68,Squd2cw.bmp,I2,None,None,None,None,None,None,None,None,None,None,None
40,1,2,1,0,0,400,2,51,179,octb1.bmp,S3,None,None,None,None,None,None,None,None,None,None,None
41,1,1,1,1,0,250,1,1,65,Squb4cw.bmp,S1,None,None,None,None,None,None,None,None,None,None,None
42,1,2,2,0,1,400,2,58,186,octd2cw.bmp,I1,None,None,None,None,None,None,None,None,None,None,None
43,1,1,2,1,0,300,1,2,66,squf5cw.bmp,I5,None,None,None,None,None,None,None,None,None,None,None
44,1,2,1,0,0,200,2,51,179,octa2cw.bmp,S4,None,None,None,None,None,None,None,None,None,None,None
45,1,1,1,1,0,300,1,1,65,squf1cw.bmp,S3,None,None,None,None,None,None,None,None,None,None,None
46,1,2,2,0,1,300,2,58,186,octd3cw.bmp,I3,None,None,None,None,None,None,None,None,None,None,None
47,1,2,2,1,0,300,2,54,182,octf6cw.bmp,I4,None,None,None,None,None,None,None,None,None,None,None
48,1,2,1,0,1,300,2,57,185,octb8.bmp,S2,None,None,None,None,None,None,None,None,None,None,None
49,1,1,1,0,0,350,1,3,67,squf2cw.bmp,S5,None,None,None,None,None,None,None,None,None,None,None
50,1,2,2,1,0,350,2,54,182,octb7.bmp,I3,None,None,None,None,None,None,None,None,None,None,None
51,1,2,2,0,0,400,2,52,180,octd6cw.bmp,I2,None,None,None,None,None,None,None,None,None,None,None
52,1,1,1,1,0,300,1,1,65,squf8cw.bmp,S5,None,None,None,None,None,None,None,None,None,None,None
53,1,2,2,0,1,350,2,58,186,octa5cw.bmp,I5,None,None,None,None,None,None,None,None,None,None,None
54,1,2,1,0,0,300,2,51,179,octa1cw.bmp,S3,None,None,None,None,None,None,None,None,None,None,None
55,1,1,1,1,0,200,1,1,65,Squd4cw.bmp,S4,None,None,None,None,None,None,None,None,None,None,None
56,1,1,2,1,0,400,1,2,66,Squd1cw.bmp,I4,None,None,None,None,None,None,None,None,None,None,None
57,1,1,2,1,1,250,1,8,72,Squb1cw.bmp,I1,None,None,None,None,None,None,None,None,None,None,None
58,1,2,1,1,0,200,2,53,181,octa6cw.bmp,S2,None,None,None,None,None,None,None,None,None,None,None
59,1,1,1,1,0,400,1,1,65,squf6cw.bmp,S1,None,None,None,None,None,None,None,None,None,None,None
60,1,1,2,0,0,400,1,4,68,squf3cw.bmp,I2,None,None,None,None,None,None,None,None,None,None,None
61,1,2,2,0,0,350,2,52,180,octa4cw.bmp,I4,None,None,None,None,None,None,None,None,None,None,None
62,1,1,1,1,1,350,1,7,71,sque7cw.bmp,S5,None,None,None,None,None,None,None,None,None,None,None
63,1,1,1,0,0,300,1,3,67,Squa8cw.bmp,S2,None,None,None,None,None,None,None,None,None,None,None
64,1,1,2,1,0,300,1,2,66,Squd6cw.bmp,I1,None,None,None,None,None,None,None,None,None,None,None
65,1,2,1,0,0,350,2,51,179,octb5.bmp,S4,None,None,None,None,None,None,None,None,None,None,None
66,1,2,1,1,0,350,2,53,181,octb2cw.bmp,S3,None,None,None,None,None,None,None,None,None,None,None
67,1,2,2,0,1,200,2,58,186,octa8cw.bmp,I3,None,None,None,None,None,None,None,None,None,None,None
68,1,1,1,1,0,400,1,1,65,Squa5cw.bmp,S1,None,None,None,None,None,None,None,None,None,None,None
69,1,2,1,1,0,250,2,53,181,octf3cw.bmp,S4,None,None,None,None,None,None,None,None,None,None,None
70,1,1,2,1,0,350,1,2,66,Squa7cw.bmp,I5,None,None,None,None,None,None,None,None,None,None,None
71,1,2,2,0,0,400,2,52,180,octe6cw.bmp,I4,None,None,None,None,None,None,None,None,None,None,None
72,1,2,1,0,1,350,2,57,185,octf5cw.bmp,S5,None,None,None,None,None,None,None,None,None,None,None
73,1,1,2,1,0,200,1,2,66,sque5cw.bmp,I1,None,None,None,None,None,None,None,None,None,None,None
74,1,1,2,1,1,200,1,8,72,Squb2cw.bmp,I3,None,None,None,None,None,None,None,None,None,None,None
75,1,1,1,1,0,350,1,1,65,Squa6cw.bmp,S3,None,None,None,None,None,None,None,None,None,None,None
76,1,2,1,0,1,200,2,57,185,octb1.bmp,S2,None,None,None,None,None,None,None,None,None,None,None
77,1,1,2,1,0,250,1,2,66,Squa7cw.bmp,I2,None,None,None,None,None,None,None,None,None,None,None
78,1,1,1,0,0,250,1,3,67,Squb2cw.bmp,S1,None,None,None,None,None,None,None,None,None,None,None
79,1,1,2,1,1,400,1,8,72,Squa8cw.bmp,I5,None,None,None,None,None,None,None,None,None,None,None
80,2,1,1,1,0,200,1,1,65,Squb1cw.bmp,J2,None,None,None,None,None,None,None,None,None,None,None
81,2,1,2,1,0,300,1,2,66,squf3cw.bmp,M3,None,None,None,None,None,None,None,None,None,None,None
82,2,2,1,0,0,250,2,51,179,octe2cw.bmp,J4,None,None,None,None,None,None,None,None,None,None,None
83,2,2,1,0,0,300,2,51,179,octb5.bmp,J5,None,None,None,None,None,None,None,None,None,None,None
84,2,1,2,1,1,250,1,8,72,squf5cw.bmp,M4,None,None,None,None,None,None,None,None,None,None,None
85,2,2,2,0,0,300,2,52,180,octb3.bmp,M2,None,None,None,None,None,None,None,None,None,None,None
86,2,2,1,0,1,200,2,57,185,octa5cw.bmp,J1,None,None,None,None,None,None,None,None,None,None,None
87,2,2,1,0,0,350,2,51,179,octd8cw.bmp,J3,None,None,None,None,None,None,None,None,None,None,None
88,2,1,2,1,0,250,1,2,66,Squa1cw.bmp,M5,None,None,None,None,None,None,None,None,None,None,None
89,2,2,2,1,0,350,2,54,182,octa4cw.bmp,M1,None,None,None,None,None,None,None,None,None,None,None
90,2,2,1,0,0,350,2,51,179,octd5cw.bmp,J4,None,None,None,None,None,None,None,None,None,None,None
91,2,2,1,0,1,400,2,57,185,octe4cw.bmp,J1,None,None,None,None,None,None,None,None,None,None,None
92,2,1,2,0,0,300,1,4,68,squf1cw.bmp,M5,None,None,None,None,None,None,None,None,None,None,None
93,2,2,1,0,0,400,2,51,179,octb8.bmp,J3,None,None,None,None,None,None,None,None,None,None,None
94,2,1,2,0,0,350,1,4,68,Squa2cw.bmp,M4,None,None,None,None,None,None,None,None,None,None,None
95,2,1,1,1,0,400,1,1,65,Squb3cw.bmp,J5,None,None,None,None,None,None,None,None,None,None,None
96,2,1,2,1,1,400,1,8,72,sque5cw.bmp,M2,None,None,None,None,None,None,None,None,None,None,None
97,2,2,2,0,0,300,2,52,180,octe5cw.bmp,M3,None,None,None,None,None,None,None,None,None,None,None
98,2,2,1,1,0,250,2,53,181,octa6cw.bmp,J2,None,None,None,None,None,None,None,None,None,None,None
99,2,2,2,0,0,250,2,52,180,octb4.bmp,M1,None,None,None,None,None,None,None,None,None,None,None
100,2,1,1,0,0,250,1,3,67,Squb7cw.bmp,J5,None,None,None,None,None,None,None,None,None,None,None
101,2,2,2,0,1,250,2,58,186,octa1cw.bmp,M1,None,None,None,None,None,None,None,None,None,None,None
102,2,2,2,0,0,400,2,52,180,octe7cw.bmp,M2,None,None,None,None,None,None,None,None,None,None,None
103,2,1,1,0,0,400,1,3,67,Squd1cw.bmp,J3,None,None,None,None,None,None,None,None,None,None,None
104,2,1,1,1,1,400,1,7,71,Squa5cw.bmp,J2,None,None,None,None,None,None,None,None,None,None,None
105,2,1,2,0,0,400,1,4,68,sque2cw.bmp,M5,None,None,None,None,None,None,None,None,None,None,None
106,2,2,2,0,0,200,2,52,180,octa3cw.bmp,M4,None,None,None,None,None,None,None,None,None,None,None
107,2,2,1,1,0,200,2,53,181,octd1cw.bmp,J1,None,None,None,None,None,None,None,None,None,None,None
108,2,2,1,0,0,300,2,51,179,octf2cw.bmp,J4,None,None,None,None,None,None,None,None,None,None,None
109,2,1,2,1,1,300,1,8,72,sque7cw.bmp,M3,None,None,None,None,None,None,None,None,None,None,None
110,2,1,1,1,0,200,1,1,65,Squd2cw.bmp,J5,None,None,None,None,None,None,None,None,None,None,None
111,2,2,1,0,0,200,2,51,179,octd2cw.bmp,J3,None,None,None,None,None,None,None,None,None,None,None
112,2,2,2,0,0,400,2,52,180,octa8cw.bmp,M1,None,None,None,None,None,None,None,None,None,None,None
113,2,2,1,0,0,400,2,51,179,octd3cw.bmp,J2,None,None,None,None,None,None,None,None,None,None,None
114,2,1,2,1,1,200,1,8,72,Squb5cw.bmp,M2,None,None,None,None,None,None,None,None,None,None,None
115,2,2,2,1,0,300,2,54,182,octb6.bmp,M4,None,None,None,None,None,None,None,None,None,None,None
116,2,2,1,0,0,250,2,51,179,octb7.bmp,J4,None,None,None,None,None,None,None,None,None,None,None
117,2,1,2,0,0,200,1,4,68,squf8cw.bmp,M3,None,None,None,None,None,None,None,None,None,None,None
118,2,2,1,0,1,350,2,57,185,octf8cw.bmp,J1,None,None,None,None,None,None,None,None,None,None,None
119,2,2,1,1,0,300,2,53,181,octf6cw.bmp,J1,None,None,None,None,None,None,None,None,None,None,None
120,2,1,2,1,1,350,1,8,72,Squd4cw.bmp,M5,None,None,None,None,None,None,None,None,None,None,None
121,2,1,2,1,0,200,1,2,66,Squb4cw.bmp,M1,None,None,None,None,None,None,None,None,None,None,None
122,2,1,1,0,0,300,1,3,67,Squd6cw.bmp,J2,None,None,None,None,None,None,None,None,None,None,None
123,2,2,2,0,0,250,2,52,180,octb2cw.bmp,M2,None,None,None,None,None,None,None,None,None,None,None
124,2,2,1,0,0,200,2,51,179,octd7cw.bmp,J4,None,None,None,None,None,None,None,None,None,None,None
125,2,2,1,0,1,250,2,57,185,octa2cw.bmp,J3,None,None,None,None,None,None,None,None,None,None,None
126,2,1,2,1,0,400,1,2,66,Squb6cw.bmp,M5,None,None,None,None,None,None,None,None,None,None,None
127,2,2,2,1,0,400,2,54,182,octf7cw.bmp,M4,None,None,None,None,None,None,None,None,None,None,None
128,2,2,1,0,1,300,2,57,185,octf4cw.bmp,J5,None,None,None,None,None,None,None,None,None,None,None
129,2,1,1,1,0,250,1,1,65,squf7cw.bmp,J2,None,None,None,None,None,None,None,None,None,None,None
130,2,1,2,1,0,250,1,2,66,Squa3cw.bmp,M3,None,None,None,None,None,None,None,None,None,None,None
131,2,1,1,1,0,300,1,1,65,squf2cw.bmp,J1,None,None,None,None,None,None,None,None,None,None,None
132,2,2,2,0,1,300,2,58,186,octa7cw.bmp,M1,None,None,None,None,None,None,None,None,None,None,None
133,2,2,2,0,0,200,2,52,180,octd6cw.bmp,M4,None,None,None,None,None,None,None,None,None,None,None
134,2,1,1,1,1,200,1,7,71,sque3cw.bmp,J4,None,None,None,None,None,None,None,None,None,None,None
135,2,1,1,1,0,350,1,1,65,Squd3cw.bmp,J5,None,None,None,None,None,None,None,None,None,None,None
136,2,2,2,0,0,350,2,52,180,octe1cw.bmp,M2,None,None,None,None,None,None,None,None,None,None,None
137,2,2,2,1,0,250,2,54,182,octd8cw.bmp,M5,None,None,None,None,None,None,None,None,None,None,None
138,2,1,1,0,0,200,1,3,67,squf6cw.bmp,J3,None,None,None,None,None,None,None,None,None,None,None
139,2,1,1,1,1,300,1,7,71,Squd5cw.bmp,J2,None,None,None,None,None,None,None,None,None,None,None
140,2,1,2,1,0,400,1,2,66,squf4cw.bmp,M3,None,None,None,None,None,None,None,None,None,None,None
141,2,2,1,1,0,400,2,53,181,octa8cw.bmp,J1,None,None,None,None,None,None,None,None,None,None,None
142,2,1,1,1,1,350,1,7,71,sque8cw.bmp,J4,None,None,None,None,None,None,None,None,None,None,None
143,2,1,2,1,0,350,1,2,66,Squa4cw.bmp,M3,None,None,None,None,None,None,None,None,None,None,None
144,2,2,2,0,1,200,2,58,186,octe1cw.bmp,M1,None,None,None,None,None,None,None,None,None,None,None
145,2,1,1,1,0,300,1,1,65,sque6cw.bmp,J3,None,None,None,None,None,None,None,None,None,None,None
146,2,1,2,1,0,350,1,2,66,Squd7cw.bmp,M4,None,None,None,None,None,None,None,None,None,None,None
147,2,1,1,1,0,400,1,1,65,squf2cw.bmp,J5,None,None,None,None,None,None,None,None,None,None,None
148,2,2,2,1,0,200,2,54,182,octd6cw.bmp,M2,None,None,None,None,None,None,None,None,None,None,None
149,2,2,2,0,1,400,2,58,186,octa3cw.bmp,M5,None,None,None,None,None,None,None,None,None,None,None
150,2,1,1,1,0,250,1,1,65,sque2cw.bmp,J5,None,None,None,None,None,None,None,None,None,None,None
151,2,1,1,0,0,350,1,3,67,Squd1cw.bmp,J4,None,None,None,None,None,None,None,None,None,None,None
152,2,1,2,1,0,300,1,2,66,Squa8cw.bmp,M4,None,None,None,None,None,None,None,None,None,None,None
153,2,2,2,0,0,350,2,52,180,octf2cw.bmp,M3,None,None,None,None,None,None,None,None,None,None,None
154,2,1,1,1,1,250,1,7,71,Squa6cw.bmp,J2,None,None,None,None,None,None,None,None,None,None,None
155,2,2,1,1,0,350,2,53,181,octf6cw.bmp,J1,None,None,None,None,None,None,None,None,None,None,None
156,2,1,2,0,0,250,1,4,68,squf6cw.bmp,M5,None,None,None,None,None,None,None,None,None,None,None
157,2,2,2,0,1,350,2,58,186,octb5.bmp,M1,None,None,None,None,None,None,None,None,None,None,None
158,2,1,1,1,0,350,1,1,65,Squa3cw.bmp,J3,None,None,None,None,None,None,None,None,None,None,None
159,2,1,2,1,0,200,1,2,66,sque5cw.bmp,M2,None,None,None,None,None,None,None,None,None,None,None
160,3,1,1,1,0,250,1,1,65,Squb5cw.bmp,J1,None,None,None,None,None,None,None,None,None,None,None
161,3,2,2,0,0,300,2,52,180,octd2cw.bmp,S5,None,None,None,None,None,None,None,None,None,None,None
162,3,2,1,0,0,350,2,51,179,octd3cw.bmp,J5,None,None,None,None,None,None,None,None,None,None,None
163,3,2,1,0,1,250,2,57,185,octa5cw.bmp,J2,None,None,None,None,None,None,None,None,None,None,None
164,3,1,2,0,0,400,1,4,68,Squd3cw.bmp,S3,None,None,None,None,None,None,None,None,None,None,None
165,3,1,2,1,0,300,1,2,66,Squa5cw.bmp,S4,None,None,None,None,None,None,None,None,None,None,None
166,3,2,1,1,0,300,2,53,181,octb2cw.bmp,J4,None,None,None,None,None,None,None,None,None,None,None
167,3,1,2,1,0,400,1,2,66,Squd6cw.bmp,S1,None,None,None,None,None,None,None,None,None,None,None
168,3,1,2,1,1,400,1,8,72,squf4cw.bmp,S2,None,None,None,None,None,None,None,None,None,None,None
169,3,2,1,0,0,300,2,51,179,octe6cw.bmp,J3,None,None,None,None,None,None,None,None,None,None,None
170,3,1,2,1,0,350,1,2,66,Squd5cw.bmp,S5,None,None,None,None,None,None,None,None,None,None,None
171,3,2,1,0,1,350,2,57,185,octe4cw.bmp,J1,None,None,None,None,None,None,None,None,None,None,None
172,3,2,1,1,0,400,2,53,181,octf8cw.bmp,J2,None,None,None,None,None,None,None,None,None,None,None
173,3,2,2,1,0,250,2,54,182,octb1.bmp,S4,None,None,None,None,None,None,None,None,None,None,None
174,3,1,1,1,0,400,1,1,65,Squb6cw.bmp,J5,None,None,None,None,None,None,None,None,None,None,None
175,3,2,1,0,0,250,2,51,179,octe5cw.bmp,J3,None,None,None,None,None,None,None,None,None,None,None
176,3,2,2,0,1,350,2,58,186,octf7cw.bmp,S2,None,None,None,None,None,None,None,None,None,None,None
177,3,2,2,1,0,300,2,54,182,octa1cw.bmp,S1,None,None,None,None,None,None,None,None,None,None,None
178,3,1,1,1,1,400,1,7,71,Squa1cw.bmp,J4,None,None,None,None,None,None,None,None,None,None,None
179,3,2,2,0,0,200,2,52,180,octb7.bmp,S3,None,None,None,None,None,None,None,None,None,None,None
180,3,1,2,1,1,250,1,8,72,sque7cw.bmp,S4,None,None,None,None,None,None,None,None,None,None,None
181,3,1,1,1,0,300,1,1,65,Squb4cw.bmp,J3,None,None,None,None,None,None,None,None,None,None,None
182,3,1,1,1,0,350,1,1,65,sque6cw.bmp,J5,None,None,None,None,None,None,None,None,None,None,None
183,3,2,2,0,0,400,2,52,180,octb6.bmp,S3,None,None,None,None,None,None,None,None,None,None,None
184,3,1,1,0,0,250,1,3,67,Squb3cw.bmp,J2,None,None,None,None,None,None,None,None,None,None,None
185,3,1,2,1,1,300,1,8,72,Squa4cw.bmp,S1,None,None,None,None,None,None,None,None,None,None,None
186,3,1,1,0,0,200,1,3,67,squf8cw.bmp,J4,None,None,None,None,None,None,None,None,None,None,None
187,3,2,2,0,0,250,2,52,180,octa6cw.bmp,S5,None,None,None,None,None,None,None,None,None,None,None
188,3,2,1,1,0,250,2,53,181,octa4cw.bmp,J1,None,None,None,None,None,None,None,None,None,None,None
189,3,1,1,1,1,250,1,7,71,Squa2cw.bmp,J4,None,None,None,None,None,None,None,None,None,None,None
190,3,1,2,0,0,250,1,4,68,Squd2cw.bmp,S2,None,None,None,None,None,None,None,None,None,None,None
191,3,1,1,0,0,400,1,3,67,squf1cw.bmp,J5,None,None,None,None,None,None,None,None,None,None,None
192,3,2,2,0,0,350,2,52,180,octa7cw.bmp,S2,None,None,None,None,None,None,None,None,None,None,None
193,3,1,1,0,0,350,1,3,67,Squb7cw.bmp,J1,None,None,None,None,None,None,None,None,None,None,None
194,3,2,1,0,1,400,2,57,185,octb8.bmp,J3,None,None,None,None,None,None,None,None,None,None,None
195,3,2,2,0,0,350,2,52,180,octe2cw.bmp,S1,None,None,None,None,None,None,None,None,None,None,None
196,3,1,2,0,0,350,1,4,68,sque3cw.bmp,S3,None,None,None,None,None,None,None,None,None,None,None
197,3,1,1,1,0,200,1,1,65,squf7cw.bmp,J2,None,None,None,None,None,None,None,None,None,None,None
198,3,1,2,1,0,400,1,2,66,sque8cw.bmp,S5,None,None,None,None,None,None,None,None,None,None,None
199,3,2,1,0,1,200,2,57,185,octb3.bmp,J4,None,None,None,None,None,None,None,None,None,None,None
200,3,1,1,1,0,400,1,1,65,squf3cw.bmp,J3,None,None,None,None,None,None,None,None,None,None,None
201,3,2,2,0,1,200,2,58,186,octe7cw.bmp,S4,None,None,None,None,None,None,None,None,None,None,None
202,3,1,2,1,0,350,1,2,66,Squa7cw.bmp,S1,None,None,None,None,None,None,None,None,None,None,None
203,3,2,1,0,0,400,2,51,179,octd1cw.bmp,J1,None,None,None,None,None,None,None,None,None,None,None
204,3,1,2,1,1,200,1,8,72,squf5cw.bmp,S3,None,None,None,None,None,None,None,None,None,None,None
205,3,1,1,0,0,300,1,3,67,Squd4cw.bmp,J2,None,None,None,None,None,None,None,None,None,None,None
206,3,1,2,1,0,250,1,2,66,Squd7cw.bmp,S2,None,None,None,None,None,None,None,None,None,None,None
207,3,2,2,0,1,400,2,58,186,octf3cw.bmp,S5,None,None,None,None,None,None,None,None,None,None,None
208,3,1,1,1,0,200,1,1,65,Squb2cw.bmp,J5,None,None,None,None,None,None,None,None,None,None,None
209,3,1,2,1,1,350,1,8,72,Squb1cw.bmp,S4,None,None,None,None,None,None,None,None,None,None,None
210,3,2,2,1,0,350,2,54,182,octd7cw.bmp,S3,None,None,None,None,None,None,None,None,None,None,None
211,3,2,1,0,1,300,2,57,185,octf5cw.bmp,J1,None,None,None,None,None,None,None,None,None,None,None
212,3,1,2,1,0,250,1,2,66,Squa5cw.bmp,S4,None,None,None,None,None,None,None,None,None,None,None
213,3,1,2,1,0,300,1,2,66,sque3cw.bmp,S1,None,None,None,None,None,None,None,None,None,None,None
214,3,2,1,1,0,200,2,53,181,octa2cw.bmp,J3,None,None,None,None,None,None,None,None,None,None,None
215,3,2,2,0,0,400,2,52,180,octf4cw.bmp,S2,None,None,None,None,None,None,None,None,None,None,None
216,3,1,1,1,1,200,1,7,71,sque5cw.bmp,J5,None,None,None,None,None,None,None,None,None,None,None
217,3,2,2,1,0,200,2,54,182,octd5cw.bmp,S5,None,None,None,None,None,None,None,None,None,None,None
218,3,1,1,1,0,350,1,1,65,Squd5cw.bmp,J4,None,None,None,None,None,None,None,None,None,None,None
219,3,1,1,1,0,300,1,1,65,squf4cw.bmp,J2,None,None,None,None,None,None,None,None,None,None,None
220,3,2,2,1,0,400,2,54,182,octb4.bmp,S1,None,None,None,None,None,None,None,None,None,None,None
221,3,2,2,0,1,300,2,58,186,octa8cw.bmp,S3,None,None,None,None,None,None,None,None,None,None,None
222,3,1,1,1,0,250,1,1,65,Squa6cw.bmp,J4,None,None,None,None,None,None,None,None,None,None,None
223,3,2,2,0,0,300,2,52,180,octf8cw.bmp,S2,None,None,None,None,None,None,None,None,None,None,None
224,3,1,2,1,0,200,1,2,66,Squd3cw.bmp,S4,None,None,None,None,None,None,None,None,None,None,None
225,3,2,1,0,0,200,2,51,179,octd5cw.bmp,J5,None,None,None,None,None,None,None,None,None,None,None
226,3,1,1,1,1,300,1,7,71,Squb7cw.bmp,J1,None,None,None,None,None,None,None,None,None,None,None
227,3,2,2,0,0,200,2,52,180,octa6cw.bmp,S5,None,None,None,None,None,None,None,None,None,None,None
228,3,2,1,0,0,400,2,51,179,octb7.bmp,J3,None,None,None,None,None,None,None,None,None,None,None
229,3,2,1,1,0,350,2,53,181,octa1cw.bmp,J2,None,None,None,None,None,None,None,None,None,None,None
230,3,1,2,0,0,300,1,4,68,Squd6cw.bmp,S2,None,None,None,None,None,None,None,None,None,None,None
231,3,2,2,0,1,250,2,58,186,octf6cw.bmp,S5,None,None,None,None,None,None,None,None,None,None,None
232,3,2,1,0,0,350,2,51,179,octa2cw.bmp,J3,None,None,None,None,None,None,None,None,None,None,None
233,3,1,2,0,0,200,1,4,68,Squa3cw.bmp,S4,None,None,None,None,None,None,None,None,None,None,None
234,3,2,1,0,0,300,2,51,179,octd8cw.bmp,J5,None,None,None,None,None,None,None,None,None,None,None
235,3,1,1,1,1,350,1,7,71,Squa8cw.bmp,J1,None,None,None,None,None,None,None,None,None,None,None
236,3,1,2,1,0,200,1,2,66,squf5cw.bmp,S3,None,None,None,None,None,None,None,None,None,None,None
237,3,2,1,0,0,250,2,51,179,octa4cw.bmp,J2,None,None,None,None,None,None,None,None,None,None,None
238,3,2,1,0,0,200,2,51,179,octd3cw.bmp,J4,None,None,None,None,None,None,None,None,None,None,None
239,3,2,2,0,0,250,2,52,180,octb3.bmp,S1,None,None,None,None,None,None,None,None,None,None,None
240,4,1,2,0,0,300,1,4,68,Squd2cw.bmp,I3,None,None,None,None,None,None,None,None,None,None,None
241,4,2,1,0,0,300,2,51,179,octd6cw.bmp,J3,None,None,None,None,None,None,None,None,None,None,None
242,4,2,2,1,0,350,2,54,182,octe1cw.bmp,I2,None,None,None,None,None,None,None,None,None,None,None
243,4,1,1,1,1,200,1,7,71,sque6cw.bmp,J1,None,None,None,None,None,None,None,None,None,None,None
244,4,1,1,1,0,400,1,1,65,Squa1cw.bmp,J2,None,None,None,None,None,None,None,None,None,None,None
245,4,1,2,1,0,300,1,2,66,squf6cw.bmp,I5,None,None,None,None,None,None,None,None,None,None,None
246,4,2,1,0,1,200,2,57,185,octb2cw.bmp,J5,None,None,None,None,None,None,None,None,None,None,None
247,4,2,2,0,0,350,2,52,180,octd2cw.bmp,I4,None,None,None,None,None,None,None,None,None,None,None
248,4,2,1,0,1,350,2,57,185,octa7cw.bmp,J4,None,None,None,None,None,None,None,None,None,None,None
249,4,1,2,0,0,400,1,4,68,squf8cw.bmp,I1,None,None,None,None,None,None,None,None,None,None,None
250,4,1,2,0,0,250,1,4,68,Squa2cw.bmp,I4,None,None,None,None,None,None,None,None,None,None,None
251,4,1,1,1,0,200,1,1,65,Squb5cw.bmp,J4,None,None,None,None,None,None,None,None,None,None,None
252,4,2,2,1,0,200,2,54,182,octe5cw.bmp,I3,None,None,None,None,None,None,None,None,None,None,None
253,4,1,2,1,1,400,1,8,72,squf1cw.bmp,I2,None,None,None,None,None,None,None,None,None,None,None
254,4,1,1,0,0,250,1,3,67,Squb3cw.bmp,J5,None,None,None,None,None,None,None,None,None,None,None
255,4,2,2,0,1,250,2,58,186,octe6cw.bmp,I5,None,None,None,None,None,None,None,None,None,None,None
256,4,2,2,1,0,400,2,54,182,octe7cw.bmp,I1,None,None,None,None,None,None,None,None,None,None,None
257,4,2,1,0,0,250,2,51,179,octe2cw.bmp,J1,None,None,None,None,None,None,None,None,None,None,None
258,4,1,2,1,1,350,1,8,72,Squb1cw.bmp,I3,None,None,None,None,None,None,None,None,None,None,None
259,4,2,2,0,0,250,2,52,180,octd1cw.bmp,I1,None,None,None,None,None,None,None,None,None,None,None
260,4,1,1,0,0,400,1,3,67,squf7cw.bmp,J3,None,None,None,None,None,None,None,None,None,None,None
261,4,2,2,1,0,250,2,54,182,octf5cw.bmp,I4,None,None,None,None,None,None,None,None,None,None,None
262,4,2,1,1,0,350,2,53,181,octb1.bmp,J2,None,None,None,None,None,None,None,None,None,None,None
263,4,2,2,0,1,350,2,58,186,octb4.bmp,I2,None,None,None,None,None,None,None,None,None,None,None
264,4,1,2,1,0,400,1,2,66,Squd1cw.bmp,I5,None,None,None,None,None,None,None,None,None,None,None
265,4,1,1,1,1,400,1,7,71,Squb2cw.bmp,J4,None,None,None,None,None,None,None,None,None,None,None
266,4,2,2,1,0,300,2,54,182,octb5.bmp,I2,None,None,None,None,None,None,None,None,None,None,None
267,4,1,1,0,0,300,1,3,67,Squd7cw.bmp,J1,None,None,None,None,None,None,None,None,None,None,None
268,4,1,2,1,0,300,1,2,66,Squa7cw.bmp,I5,None,None,None,None,None,None,None,None,None,None,None
269,4,2,2,0,1,400,2,58,186,octa3cw.bmp,I1,None,None,None,None,None,None,None,None,None,None,None
270,4,1,1,0,0,350,1,3,67,sque7cw.bmp,J3,None,None,None,None,None,None,None,None,None,None,None
271,4,1,2,1,0,250,1,2,66,Squb4cw.bmp,I4,None,None,None,None,None,None,None,None,None,None,None
272,4,1,2,1,0,250,1,2,66,Squa4cw.bmp,I3,None,None,None,None,None,None,None,None,None,None,None
273,4,2,1,0,0,350,2,51,179,octb8.bmp,J2,None,None,None,None,None,None,None,None,None,None,None
274,4,2,1,0,1,300,2,57,185,octd7cw.bmp,J5,None,None,None,None,None,None,None,None,None,None,None
275,4,1,2,1,0,200,1,2,66,sque2cw.bmp,I5,None,None,None,None,None,None,None,None,None,None,None
276,4,2,1,0,0,350,2,51,179,octa5cw.bmp,J2,None,None,None,None,None,None,None,None,None,None,None
277,4,1,2,1,1,200,1,8,72,Squb6cw.bmp,I4,None,None,None,None,None,None,None,None,None,None,None
278,4,1,2,1,0,400,1,2,66,squf3cw.bmp,I2,None,None,None,None,None,None,None,None,None,None,None
279,4,1,1,1,0,350,1,1,65,Squd4cw.bmp,J4,None,None,None,None,None,None,None,None,None,None,None
280,4,2,1,0,0,200,2,51,179,octf2cw.bmp,J1,None,None,None,None,None,None,None,None,None,None,None
281,4,1,2,1,1,250,1,8,72,squf2cw.bmp,I1,None,None,None,None,None,None,None,None,None,None,None
282,4,1,2,1,0,200,1,2,66,sque8cw.bmp,I3,None,None,None,None,None,None,None,None,None,None,None
283,4,1,1,1,0,250,1,1,65,Squd5cw.bmp,J5,None,None,None,None,None,None,None,None,None,None,None
284,4,2,1,0,0,200,2,51,179,octf4cw.bmp,J3,None,None,None,None,None,None,None,None,None,None,None
285,4,1,2,1,0,350,1,2,66,squf8cw.bmp,I3,None,None,None,None,None,None,None,None,None,None,None
286,4,1,1,1,1,250,1,7,71,Squa7cw.bmp,J4,None,None,None,None,None,None,None,None,None,None,None
287,4,2,1,0,0,250,2,51,179,octe4cw.bmp,J1,None,None,None,None,None,None,None,None,None,None,None
288,4,2,2,0,0,300,2,52,180,octf3cw.bmp,I2,None,None,None,None,None,None,None,None,None,None,None
289,4,1,1,0,0,200,1,3,67,Squd2cw.bmp,J2,None,None,None,None,None,None,None,None,None,None,None
290,4,1,2,0,0,350,1,4,68,squf5cw.bmp,I4,None,None,None,None,None,None,None,None,None,None,None
291,4,1,1,1,1,350,1,7,71,Squb3cw.bmp,J3,None,None,None,None,None,None,None,None,None,None,None
292,4,2,2,0,0,200,2,52,180,octf7cw.bmp,I1,None,None,None,None,None,None,None,None,None,None,None
293,4,2,1,1,0,300,2,53,181,octb6.bmp,J5,None,None,None,None,None,None,None,None,None,None,None
294,4,2,2,0,0,200,2,52,180,octa7cw.bmp,I5,None,None,None,None,None,None,None,None,None,None,None
295,4,1,1,1,0,300,1,1,65,Squb5cw.bmp,J4,None,None,None,None,None,None,None,None,None,None,None
296,4,1,2,1,1,300,1,8,72,Squb1cw.bmp,I5,None,None,None,None,None,None,None,None,None,None,None
297,4,2,2,0,0,400,2,52,180,octd7cw.bmp,I1,None,None,None,None,None,None,None,None,None,None,None
298,4,1,1,1,0,350,1,1,65,squf3cw.bmp,J2,None,None,None,None,None,None,None,None,None,None,None
299,4,2,1,0,0,300,2,51,179,octe4cw.bmp,J3,None,None,None,None,None,None,None,None,None,None,None
300,4,2,2,0,0,250,2,52,180,octd6cw.bmp,I2,None,None,None,None,None,None,None,None,None,None,None
301,4,1,1,1,1,300,1,7,71,sque8cw.bmp,J1,None,None,None,None,None,None,None,None,None,None,None
302,4,2,2,0,0,300,2,52,180,octf4cw.bmp,I4,None,None,None,None,None,None,None,None,None,None,None
303,4,1,1,1,0,400,1,1,65,Squb7cw.bmp,J5,None,None,None,None,None,None,None,None,None,None,None
304,4,2,2,0,0,350,2,52,180,octe1cw.bmp,I3,None,None,None,None,None,None,None,None,None,None,None
305,4,1,1,1,0,300,1,1,65,Squb4cw.bmp,J3,None,None,None,None,None,None,None,None,None,None,None
306,4,2,2,0,1,200,2,58,186,octa1cw.bmp,I4,None,None,None,None,None,None,None,None,None,None,None
307,4,2,1,0,0,400,2,51,179,octb1.bmp,J2,None,None,None,None,None,None,None,None,None,None,None
308,4,2,1,1,0,200,2,53,181,octb3.bmp,J4,None,None,None,None,None,None,None,None,None,None,None
309,4,1,2,0,0,200,1,4,68,Squa2cw.bmp,I2,None,None,None,None,None,None,None,None,None,None,None
310,4,2,1,0,1,250,2,57,185,octd3cw.bmp,J5,None,None,None,None,None,None,None,None,None,None,None
311,4,1,1,1,0,250,1,1,65,Squa4cw.bmp,J1,None,None,None,None,None,None,None,None,None,None,None
312,4,1,2,1,0,350,1,2,66,Squa3cw.bmp,I1,None,None,None,None,None,None,None,None,None,None,None
313,4,2,1,1,0,400,2,53,181,octd8cw.bmp,J4,None,None,None,None,None,None,None,None,None,None,None
314,4,2,2,0,0,400,2,52,180,octa5cw.bmp,I3,None,None,None,None,None,None,None,None,None,None,None
315,4,2,1,0,1,400,2,57,185,octf5cw.bmp,J3,None,None,None,None,None,None,None,None,None,None,None
316,4,1,1,1,0,200,1,1,65,sque5cw.bmp,J5,None,None,None,None,None,None,None,None,None,None,None
317,4,2,2,0,1,300,2,58,186,octb8.bmp,I5,None,None,None,None,None,None,None,None,None,None,None
318,4,2,1,1,0,250,2,53,181,octb5.bmp,J1,None,None,None,None,None,None,None,None,None,None,None
319,4,2,1,0,0,400,2,51,179,octf3cw.bmp,J2,None,None,None,None,None,None,None,None,None,None,None
320,5,1,2,0,0,400,1,4,68,Squd1cw.bmp,I4,None,None,None,None,None,None,None,None,None,None,None
321,5,2,1,1,0,400,2,53,181,octe2cw.bmp,M1,None,None,None,None,None,None,None,None,None,None,None
322,5,2,1,0,0,350,2,51,179,octb4.bmp,M2,None,None,None,None,None,None,None,None,None,None,None
323,5,2,2,0,1,200,2,58,186,octa8cw.bmp,I3,None,None,None,None,None,None,None,None,None,None,None
324,5,1,1,1,0,300,1,1,65,squf1cw.bmp,M4,None,None,None,None,None,None,None,None,None,None,None
325,5,2,2,1,0,350,2,54,182,octf2cw.bmp,I1,None,None,None,None,None,None,None,None,None,None,None
326,5,1,2,1,1,250,1,8,72,Squd3cw.bmp,I5,None,None,None,None,None,None,None,None,None,None,None
327,5,2,1,0,0,300,2,51,179,octb6.bmp,M5,None,None,None,None,None,None,None,None,None,None,None
328,5,2,2,0,0,350,2,52,180,octb2cw.bmp,I2,None,None,None,None,None,None,None,None,None,None,None
329,5,1,1,1,1,250,1,7,71,Squb2cw.bmp,M3,None,None,None,None,None,None,None,None,None,None,None
330,5,2,1,1,0,200,2,53,181,octa6cw.bmp,M4,None,None,None,None,None,None,None,None,None,None,None
331,5,1,2,1,0,300,1,2,66,sque2cw.bmp,I5,None,None,None,None,None,None,None,None,None,None,None
332,5,1,2,1,0,200,1,2,66,Squa5cw.bmp,I1,None,None,None,None,None,None,None,None,None,None,None
333,5,2,1,0,0,400,2,51,179,octa4cw.bmp,M1,None,None,None,None,None,None,None,None,None,None,None
334,5,1,2,1,1,300,1,8,72,sque7cw.bmp,I3,None,None,None,None,None,None,None,None,None,None,None
335,5,1,2,1,0,400,1,2,66,squf4cw.bmp,I4,None,None,None,None,None,None,None,None,None,None,None
336,5,2,1,1,0,250,2,53,181,octd5cw.bmp,M3,None,None,None,None,None,None,None,None,None,None,None
337,5,2,2,0,0,400,2,52,180,octf6cw.bmp,I2,None,None,None,None,None,None,None,None,None,None,None
338,5,1,1,1,0,250,1,1,65,Squb6cw.bmp,M5,None,None,None,None,None,None,None,None,None,None,None
339,5,1,2,1,1,350,1,8,72,Squd7cw.bmp,I5,None,None,None,None,None,None,None,None,None,None,None
340,5,1,1,0,0,350,1,3,67,Squd6cw.bmp,M2,None,None,None,None,None,None,None,None,None,None,None
341,5,2,1,0,0,350,2,51,179,octa3cw.bmp,M4,None,None,None,None,None,None,None,None,None,None,None
342,5,1,2,0,0,200,1,4,68,sque6cw.bmp,I2,None,None,None,None,None,None,None,None,None,None,None
343,5,1,2,0,0,250,1,4,68,squf2cw.bmp,I1,None,None,None,None,None,None,None,None,None,None,None
344,5,2,1,0,1,350,2,57,185,octd2cw.bmp,M5,None,None,None,None,None,None,None,None,None,None,None
345,5,1,2,1,0,350,1,2,66,Squd4cw.bmp,I3,None,None,None,None,None,None,None,None,None,None,None
346,5,1,1,1,0,400,1,1,65,sque3cw.bmp,M3,None,None,None,None,None,None,None,None,None,None,None
347,5,2,2,0,0,200,2,52,180,octd1cw.bmp,I4,None,None,None,None,None,None,None,None,None,None,None
348,5,2,1,1,0,350,2,53,181,octb7.bmp,M1,None,None,None,None,None,None,None,None,None,None,None
349,5,2,2,0,1,400,2,58,186,octe7cw.bmp,I2,None,None,None,None,None,None,None,None,None,None,None
350,5,1,2,1,0,250,1,2,66,Squa8cw.bmp,I4,None,None,None,None,None,None,None,None,None,None,None
351,5,2,1,0,1,250,2,57,185,octf8cw.bmp,M2,None,None,None,None,None,None,None,None,None,None,None
352,5,2,1,0,0,300,2,51,179,octe5cw.bmp,M1,None,None,None,None,None,None,None,None,None,None,None
353,5,1,2,1,1,400,1,8,72,Squa6cw.bmp,I1,None,None,None,None,None,None,None,None,None,None,None
354,5,2,1,0,0,250,2,51,179,octa2cw.bmp,M2,None,None,None,None,None,None,None,None,None,None,None
355,5,1,1,1,0,200,1,1,65,squf7cw.bmp,M5,None,None,None,None,None,None,None,None,None,None,None
356,5,1,2,1,0,350,1,2,66,Squa1cw.bmp,I5,None,None,None,None,None,None,None,None,None,None,None
357,5,2,2,0,0,300,2,52,180,octf7cw.bmp,I3,None,None,None,None,None,None,None,None,None,None,None
358,5,2,1,0,1,200,2,57,185,octe6cw.bmp,M4,None,None,None,None,None,None,None,None,None,None,None
359,5,1,2,1,0,200,1,2,66,squf6cw.bmp,I1,None,None,None,None,None,None,None,None,None,None,None
360,5,2,2,0,0,400,2,52,180,octf2cw.bmp,I4,None,None,None,None,None,None,None,None,None,None,None
361,5,2,1,0,1,400,2,57,185,octd2cw.bmp,M3,None,None,None,None,None,None,None,None,None,None,None
362,5,2,1,0,0,400,2,51,179,octa6cw.bmp,M2,None,None,None,None,None,None,None,None,None,None,None
363,5,1,2,1,0,250,1,2,66,sque2cw.bmp,I2,None,None,None,None,None,None,None,None,None,None,None
364,5,1,1,1,0,300,1,1,65,Squa5cw.bmp,M5,None,None,None,None,None,None,None,None,None,None,None
365,5,1,1,1,1,350,1,7,71,squf3cw.bmp,M3,None,None,None,None,None,None,None,None,None,None,None
366,5,2,2,0,0,250,2,52,180,octb8.bmp,I3,None,None,None,None,None,None,None,None,None,None,None
367,5,2,2,1,0,300,2,54,182,octb6.bmp,I5,None,None,None,None,None,None,None,None,None,None,None
368,5,1,1,0,0,250,1,3,67,Squb4cw.bmp,M1,None,None,None,None,None,None,None,None,None,None,None
369,5,2,2,0,1,350,2,58,186,octe7cw.bmp,I2,None,None,None,None,None,None,None,None,None,None,None
370,5,1,1,1,0,350,1,1,65,squf1cw.bmp,M4,None,None,None,None,None,None,None,None,None,None,None
371,5,1,1,0,0,200,1,3,67,squf7cw.bmp,M4,None,None,None,None,None,None,None,None,None,None,None
372,5,2,2,0,0,200,2,52,180,octb1.bmp,I3,None,None,None,None,None,None,None,None,None,None,None
373,5,1,2,0,0,300,1,4,68,squf6cw.bmp,I1,None,None,None,None,None,None,None,None,None,None,None
374,5,1,1,1,1,300,1,7,71,Squd7cw.bmp,M3,None,None,None,None,None,None,None,None,None,None,None
375,5,2,1,0,0,200,2,51,179,octa5cw.bmp,M1,None,None,None,None,None,None,None,None,None,None,None
376,5,1,2,1,1,200,1,8,72,squf5cw.bmp,I4,None,None,None,None,None,None,None,None,None,None,None
377,5,1,2,1,0,400,1,2,66,Squd4cw.bmp,I5,None,None,None,None,None,None,None,None,None,None,None
378,5,1,1,1,0,350,1,1,65,Squa7cw.bmp,M2,None,None,None,None,None,None,None,None,None,None,None
379,5,2,2,1,0,250,2,54,182,octf7cw.bmp,I5,None,None,None,None,None,None,None,None,None,None,None
380,5,2,2,0,0,300,2,52,180,octd5cw.bmp,I2,None,None,None,None,None,None,None,None,None,None,None
381,5,1,1,1,1,400,1,7,71,Squd3cw.bmp,M5,None,None,None,None,None,None,None,None,None,None,None
382,5,2,1,0,0,250,2,51,179,octd7cw.bmp,M3,None,None,None,None,None,None,None,None,None,None,None
383,5,2,2,0,0,350,2,52,180,octf6cw.bmp,I4,None,None,None,None,None,None,None,None,None,None,None
384,5,1,2,0,0,350,1,4,68,Squd1cw.bmp,I1,None,None,None,None,None,None,None,None,None,None,None
385,5,1,1,0,0,400,1,3,67,Squa3cw.bmp,M2,None,None,None,None,None,None,None,None,None,None,None
386,5,2,1,0,1,300,2,57,185,octe6cw.bmp,M5,None,None,None,None,None,None,None,None,None,None,None
387,5,2,2,1,0,400,2,54,182,octb5.bmp,I3,None,None,None,None,None,None,None,None,None,None,None
388,5,1,1,1,0,250,1,1,65,Squb1cw.bmp,M1,None,None,None,None,None,None,None,None,None,None,None
389,5,1,1,0,0,300,1,3,67,Squa1cw.bmp,M4,None,None,None,None,None,None,None,None,None,None,None
390,5,2,2,0,1,300,2,58,186,octb3.bmp,I5,None,None,None,None,None,None,None,None,None,None,None
391,5,2,2,0,0,250,2,52,180,octd6cw.bmp,I2,None,None,None,None,None,None,None,None,None,None,None
392,5,2,1,0,0,200,2,51,179,octf8cw.bmp,M1,None,None,None,None,None,None,None,None,None,None,None
393,5,1,2,1,0,300,1,2,66,Squa4cw.bmp,I3,None,None,None,None,None,None,None,None,None,None,None
394,5,2,1,1,0,300,2,53,181,octb2cw.bmp,M3,None,None,None,None,None,None,None,None,None,None,None
395,5,1,1,1,1,200,1,7,71,Squb7cw.bmp,M2,None,None,None,None,None,None,None,None,None,None,None
396,5,2,2,1,0,200,2,54,182,octe2cw.bmp,I4,None,None,None,None,None,None,None,None,None,None,None
397,5,1,1,1,0,200,1,1,65,sque7cw.bmp,M5,None,None,None,None,None,None,None,None,None,None,None
398,5,2,2,0,1,250,2,58,186,octe5cw.bmp,I1,None,None,None,None,None,None,None,None,None,None,None
399,5,1,1,1,0,400,1,1,65,sque3cw.bmp,M4,None,None,None,None,None,None,None,None,None,None,None
400,6,1,2,1,0,400,1,2,66,squf8cw.bmp,M4,None,None,None,None,None,None,None,None,None,None,None
401,6,1,1,1,0,350,1,1,65,Squd2cw.bmp,S3,None,None,None,None,None,None,None,None,None,None,None
402,6,1,2,1,0,300,1,2,66,Squb3cw.bmp,M5,None,None,None,None,None,None,None,None,None,None,None
403,6,2,2,1,0,350,2,54,182,octf4cw.bmp,M3,None,None,None,None,None,None,None,None,None,None,None
404,6,1,1,1,1,300,1,7,71,Squb5cw.bmp,S2,None,None,None,None,None,None,None,None,None,None,None
405,6,1,1,0,0,300,1,3,67,Squa2cw.bmp,S5,None,None,None,None,None,None,None,None,None,None,None
406,6,1,2,1,0,250,1,2,66,sque6cw.bmp,M1,None,None,None,None,None,None,None,None,None,None,None
407,6,2,2,0,1,300,2,58,186,octa7cw.bmp,M2,None,None,None,None,None,None,None,None,None,None,None
408,6,1,1,1,0,200,1,1,65,Squb2cw.bmp,S4,None,None,None,None,None,None,None,None,None,None,None
409,6,2,1,1,0,350,2,53,181,octf3cw.bmp,S1,None,None,None,None,None,None,None,None,None,None,None
410,6,2,2,0,0,300,2,52,180,octd1cw.bmp,M3,None,None,None,None,None,None,None,None,None,None,None
411,6,2,1,1,0,250,2,53,181,octa4cw.bmp,S1,None,None,None,None,None,None,None,None,None,None,None
412,6,1,1,1,1,400,1,7,71,Squd5cw.bmp,S5,None,None,None,None,None,None,None,None,None,None,None
413,6,2,2,1,0,250,2,54,182,octd8cw.bmp,M1,None,None,None,None,None,None,None,None,None,None,None
414,6,1,1,1,0,400,1,1,65,squf2cw.bmp,S3,None,None,None,None,None,None,None,None,None,None,None
415,6,2,1,0,0,350,2,51,179,octd3cw.bmp,S4,None,None,None,None,None,None,None,None,None,None,None
416,6,1,2,1,0,200,1,2,66,Squa8cw.bmp,M5,None,None,None,None,None,None,None,None,None,None,None
417,6,1,1,1,1,250,1,7,71,Squd6cw.bmp,S2,None,None,None,None,None,None,None,None,None,None,None
418,6,1,1,1,0,200,1,1,65,squf4cw.bmp,S5,None,None,None,None,None,None,None,None,None,None,None
419,6,2,2,0,1,350,2,58,186,octb7.bmp,M2,None,None,None,None,None,None,None,None,None,None,None
420,6,2,1,0,0,350,2,51,179,octb4.bmp,S4,None,None,None,None,None,None,None,None,None,None,None
421,6,2,2,0,0,250,2,52,180,octe1cw.bmp,M4,None,None,None,None,None,None,None,None,None,None,None
422,6,1,1,1,0,400,1,1,65,Squa6cw.bmp,S1,None,None,None,None,None,None,None,None,None,None,None
423,6,1,1,0,0,200,1,3,67,sque5cw.bmp,S3,None,None,None,None,None,None,None,None,None,None,None
424,6,2,2,0,1,250,2,58,186,octa1cw.bmp,M3,None,None,None,None,None,None,None,None,None,None,None
425,6,1,2,1,0,200,1,2,66,Squb6cw.bmp,M2,None,None,None,None,None,None,None,None,None,None,None
426,6,2,1,1,0,200,2,53,181,octe4cw.bmp,S2,None,None,None,None,None,None,None,None,None,None,None
427,6,1,1,1,0,250,1,1,65,sque8cw.bmp,S4,None,None,None,None,None,None,None,None,None,None,None
428,6,1,2,1,0,350,1,2,66,Squa3cw.bmp,M4,None,None,None,None,None,None,None,None,None,None,None
429,6,1,2,1,1,350,1,8,72,Squb4cw.bmp,M5,None,None,None,None,None,None,None,None,None,None,None
430,6,2,1,0,0,400,2,51,179,octf5cw.bmp,S3,None,None,None,None,None,None,None,None,None,None,None
431,6,2,1,0,0,200,2,51,179,octa2cw.bmp,S1,None,None,None,None,None,None,None,None,None,None,None
432,6,2,2,1,0,200,2,54,182,octa8cw.bmp,M1,None,None,None,None,None,None,None,None,None,None,None
433,6,1,1,1,0,350,1,1,65,sque2cw.bmp,S5,None,None,None,None,None,None,None,None,None,None,None
434,6,2,1,0,1,400,2,57,185,octa3cw.bmp,S2,None,None,None,None,None,None,None,None,None,None,None
435,6,2,2,0,0,300,2,52,180,octf4cw.bmp,M5,None,None,None,None,None,None,None,None,None,None,None
436,6,2,2,0,0,400,2,52,180,octe7cw.bmp,M3,None,None,None,None,None,None,None,None,None,None,None
437,6,1,1,1,0,250,1,1,65,Squb7cw.bmp,S4,None,None,None,None,None,None,None,None,None,None,None
438,6,1,1,1,0,300,1,1,65,Squa5cw.bmp,S5,None,None,None,None,None,None,None,None,None,None,None
439,6,1,2,1,1,400,1,8,72,Squd5cw.bmp,M1,None,None,None,None,None,None,None,None,None,None,None
440,6,2,1,0,0,250,2,51,179,octb1.bmp,S1,None,None,None,None,None,None,None,None,None,None,None
441,6,1,2,1,1,200,1,8,72,Squd2cw.bmp,M2,None,None,None,None,None,None,None,None,None,None,None
442,6,1,2,1,0,300,1,2,66,squf5cw.bmp,M4,None,None,None,None,None,None,None,None,None,None,None
443,6,2,1,0,1,200,2,57,185,octf6cw.bmp,S2,None,None,None,None,None,None,None,None,None,None,None
444,6,1,2,0,0,350,1,4,68,squf6cw.bmp,M5,None,None,None,None,None,None,None,None,None,None,None
445,6,2,1,0,1,250,2,57,185,octe6cw.bmp,S3,None,None,None,None,None,None,None,None,None,None,None
446,6,2,2,1,0,300,2,54,182,octd5cw.bmp,M3,None,None,None,None,None,None,None,None,None,None,None
447,6,2,1,1,0,400,2,53,181,octb5.bmp,S2,None,None,None,None,None,None,None,None,None,None,None
448,6,1,2,0,0,250,1,4,68,Squd6cw.bmp,M1,None,None,None,None,None,None,None,None,None,None,None
449,6,2,2,0,0,200,2,52,180,octa3cw.bmp,M4,None,None,None,None,None,None,None,None,None,None,None
450,6,2,1,0,1,350,2,57,185,octb6.bmp,S5,None,None,None,None,None,None,None,None,None,None,None
451,6,1,2,0,0,300,1,4,68,squf1cw.bmp,M2,None,None,None,None,None,None,None,None,None,None,None
452,6,1,1,0,0,400,1,3,67,sque6cw.bmp,S4,None,None,None,None,None,None,None,None,None,None,None
453,6,2,2,0,1,400,2,58,186,octd3cw.bmp,M3,None,None,None,None,None,None,None,None,None,None,None
454,6,1,2,0,0,400,1,4,68,Squb3cw.bmp,M2,None,None,None,None,None,None,None,None,None,None,None
455,6,1,1,0,0,250,1,3,67,sque3cw.bmp,S1,None,None,None,None,None,None,None,None,None,None,None
456,6,2,2,0,0,250,2,52,180,octd6cw.bmp,M5,None,None,None,None,None,None,None,None,None,None,None
457,6,2,1,0,0,300,2,51,179,octe1cw.bmp,S3,None,None,None,None,None,None,None,None,None,None,None
458,6,1,2,1,1,250,1,8,72,Squd7cw.bmp,M1,None,None,None,None,None,None,None,None,None,None,None
459,6,2,2,0,0,200,2,52,180,octe4cw.bmp,M4,None,None,None,None,None,None,None,None,None,None,None
460,6,1,1,1,0,300,1,1,65,Squa1cw.bmp,S2,None,None,None,None,None,None,None,None,None,None,None
461,6,1,2,1,0,350,1,2,66,Squa2cw.bmp,M1,None,None,None,None,None,None,None,None,None,None,None
462,6,1,2,0,0,200,1,4,68,sque5cw.bmp,M5,None,None,None,None,None,None,None,None,None,None,None
463,6,2,1,0,1,300,2,57,185,octa8cw.bmp,S1,None,None,None,None,None,None,None,None,None,None,None
464,6,2,1,0,0,200,2,51,179,octb2cw.bmp,S3,None,None,None,None,None,None,None,None,None,None,None
465,6,2,2,1,0,400,2,54,182,octa4cw.bmp,M2,None,None,None,None,None,None,None,None,None,None,None
466,6,1,1,0,0,350,1,3,67,Squb5cw.bmp,S4,None,None,None,None,None,None,None,None,None,None,None
467,6,2,1,0,0,300,2,51,179,octa1cw.bmp,S5,None,None,None,None,None,None,None,None,None,None,None
468,6,2,2,0,1,200,2,58,186,octa7cw.bmp,M4,None,None,None,None,None,None,None,None,None,None,None
469,6,2,1,1,0,300,2,53,181,octf7cw.bmp,S1,None,None,None,None,None,None,None,None,None,None,None
470,6,1,2,1,0,250,1,2,66,sque7cw.bmp,M3,None,None,None,None,None,None,None,None,None,None,None
471,6,1,2,1,0,400,1,2,66,squf2cw.bmp,M3,None,None,None,None,None,None,None,None,None,None,None
472,6,1,1,1,1,350,1,7,71,sque8cw.bmp,S5,None,None,None,None,None,None,None,None,None,None,None
473,6,2,2,0,0,350,2,52,180,octb7.bmp,M1,None,None,None,None,None,None,None,None,None,None,None
474,6,2,1,0,0,250,2,51,179,octd2cw.bmp,S3,None,None,None,None,None,None,None,None,None,None,None
475,6,1,2,1,1,300,1,8,72,Squb6cw.bmp,M4,None,None,None,None,None,None,None,None,None,None,None
476,6,2,1,0,0,400,2,51,179,octa2cw.bmp,S4,None,None,None,None,None,None,None,None,None,None,None
477,6,2,2,0,0,400,2,52,180,octf5cw.bmp,M5,None,None,None,None,None,None,None,None,None,None,None
478,6,2,2,0,0,350,2,52,180,octe5cw.bmp,M2,None,None,None,None,None,None,None,None,None,None,None
479,6,1,1,1,1,200,1,7,71,Squa7cw.bmp,S2,None,None,None,None,None,None,None,None,None,None,None
480,7,1,2,1,0,250,1,2,66,Squa8cw.bmp,J3,None,None,None,None,None,None,None,None,None,None,None
481,7,2,2,1,0,250,2,54,182,octd1cw.bmp,J5,None,None,None,None,None,None,None,None,None,None,None
482,7,1,1,0,0,200,1,3,67,squf3cw.bmp,I1,None,None,None,None,None,None,None,None,None,None,None
483,7,2,2,0,1,250,2,58,186,octd7cw.bmp,J1,None,None,None,None,None,None,None,None,None,None,None
484,7,2,2,0,0,400,2,52,180,octf8cw.bmp,J2,None,None,None,None,None,None,None,None,None,None,None
485,7,2,1,0,0,200,2,51,179,octb4.bmp,I3,None,None,None,None,None,None,None,None,None,None,None
486,7,1,2,1,0,200,1,2,66,Squa4cw.bmp,J4,None,None,None,None,None,None,None,None,None,None,None
487,7,1,2,1,0,300,1,2,66,Squb1cw.bmp,J2,None,None,None,None,None,None,None,None,None,None,None
488,7,1,1,1,1,250,1,7,71,squf4cw.bmp,I4,None,None,None,None,None,None,None,None,None,None,None
489,7,2,1,1,0,200,2,53,181,octd8cw.bmp,I5,None,None,None,None,None,None,None,None,None,None,None
490,7,1,2,1,1,350,1,8,72,Squb2cw.bmp,J3,None,None,None,None,None,None,None,None,None,None,None
491,7,1,2,0,0,200,1,4,68,Squd3cw.bmp,J4,None,None,None,None,None,None,None,None,None,None,None
492,7,2,1,1,0,250,2,53,181,octb3.bmp,I2,None,None,None,None,None,None,None,None,None,None,None
493,7,1,1,1,0,200,1,1,65,squf7cw.bmp,I2,None,None,None,None,None,None,None,None,None,None,None
494,7,1,2,1,0,350,1,2,66,Squd4cw.bmp,J1,None,None,None,None,None,None,None,None,None,None,None
495,7,2,2,0,1,350,2,58,186,octe2cw.bmp,J5,None,None,None,None,None,None,None,None,None,None,None
496,7,2,1,0,0,300,2,51,179,octa5cw.bmp,I3,None,None,None,None,None,None,None,None,None,None,None
497,7,1,1,1,0,300,1,1,65,Squd1cw.bmp,I1,None,None,None,None,None,None,None,None,None,None,None
498,7,1,2,1,0,350,1,2,66,squf8cw.bmp,J5,None,None,None,None,None,None,None,None,None,None,None
499,7,2,2,0,0,300,2,52,180,octf3cw.bmp,J3,None,None,None,None,None,None,None,None,None,None,None
500,7,2,1,0,1,250,2,57,185,octb8.bmp,I5,None,None,None,None,None,None,None,None,None,None,None
501,7,1,1,0,0,300,1,3,67,Squa6cw.bmp,I4,None,None,None,None,None,None,None,None,None,None,None
502,7,1,2,1,0,400,1,2,66,Squd6cw.bmp,J2,None,None,None,None,None,None,None,None,None,None,None
503,7,2,1,0,1,200,2,57,185,octf2cw.bmp,I5,None,None,None,None,None,None,None,None,None,None,None
504,7,2,2,0,0,400,2,52,180,octa6cw.bmp,J1,None,None,None,None,None,None,None,None,None,None,None
505,7,2,1,0,1,350,2,57,185,octa1cw.bmp,I1,None,None,None,None,None,None,None,None,None,None,None
506,7,1,1,0,0,400,1,3,67,Squa5cw.bmp,I2,None,None,None,None,None,None,None,None,None,None,None
507,7,1,2,1,1,300,1,8,72,Squa7cw.bmp,J4,None,None,None,None,None,None,None,None,None,None,None
508,7,2,1,1,0,400,2,53,181,octf6cw.bmp,I4,None,None,None,None,None,None,None,None,None,None,None
509,7,1,1,1,0,200,1,1,65,squf6cw.bmp,I3,None,None,None,None,None,None,None,None,None,None,None
510,7,2,2,0,1,400,2,58,186,octb8.bmp,J2,None,None,None,None,None,None,None,None,None,None,None
511,7,1,1,1,0,400,1,1,65,squf1cw.bmp,I2,None,None,None,None,None,None,None,None,None,None,None
512,7,2,1,1,0,350,2,53,181,octa2cw.bmp,I1,None,None,None,None,None,None,None,None,None,None,None
513,7,1,2,1,0,200,1,2,66,sque5cw.bmp,J4,None,None,None,None,None,None,None,None,None,None,None
514,7,2,1,0,1,400,2,57,185,octd1cw.bmp,I5,None,None,None,None,None,None,None,None,None,None,None
515,7,2,2,0,0,350,2,52,180,octb4.bmp,J1,None,None,None,None,None,None,None,None,None,None,None
516,7,1,1,0,0,250,1,3,67,Squb2cw.bmp,I4,None,None,None,None,None,None,None,None,None,None,None
517,7,2,2,0,0,200,2,52,180,octe6cw.bmp,J5,None,None,None,None,None,None,None,None,None,None,None
518,7,2,1,0,0,250,2,51,179,octd7cw.bmp,I3,None,None,None,None,None,None,None,None,None,None,None
519,7,1,2,1,1,200,1,8,72,sque7cw.bmp,J3,None,None,None,None,None,None,None,None,None,None,None
520,7,2,1,0,0,350,2,51,179,octb1.bmp,I4,None,None,None,None,None,None,None,None,None,None,None
521,7,2,2,0,0,200,2,52,180,octa3cw.bmp,J1,None,None,None,None,None,None,None,None,None,None,None
522,7,2,1,0,0,300,2,51,179,octb7.bmp,I3,None,None,None,None,None,None,None,None,None,None,None
523,7,1,1,1,0,350,1,1,65,Squb6cw.bmp,I1,None,None,None,None,None,None,None,None,None,None,None
524,7,1,2,1,1,400,1,8,72,Squb7cw.bmp,J2,None,None,None,None,None,None,None,None,None,None,None
525,7,1,1,1,0,350,1,1,65,Squb1cw.bmp,I5,None,None,None,None,None,None,None,None,None,None,None
526,7,2,2,1,0,300,2,54,182,octf3cw.bmp,J3,None,None,None,None,None,None,None,None,None,None,None
527,7,2,2,0,1,300,2,58,186,octd5cw.bmp,J4,None,None,None,None,None,None,None,None,None,None,None
528,7,1,1,0,0,350,1,3,67,Squd5cw.bmp,I2,None,None,None,None,None,None,None,None,None,None,None
529,7,1,2,1,0,400,1,2,66,Squb5cw.bmp,J5,None,None,None,None,None,None,None,None,None,None,None
530,7,2,1,0,0,350,2,51,179,octf5cw.bmp,I3,None,None,None,None,None,None,None,None,None,None,None
531,7,2,2,1,0,200,2,54,182,octd3cw.bmp,J2,None,None,None,None,None,None,None,None,None,None,None
532,7,2,1,0,1,300,2,57,185,octa5cw.bmp,I5,None,None,None,None,None,None,None,None,None,None,None
533,7,1,2,0,0,400,1,4,68,squf5cw.bmp,J5,None,None,None,None,None,None,None,None,None,None,None
534,7,1,2,0,0,300,1,4,68,squf8cw.bmp,J1,None,None,None,None,None,None,None,None,None,None,None
535,7,2,1,0,0,200,2,51,179,octf7cw.bmp,I4,None,None,None,None,None,None,None,None,None,None,None
536,7,1,2,0,0,350,1,4,68,Squb4cw.bmp,J4,None,None,None,None,None,None,None,None,None,None,None
537,7,1,1,1,1,350,1,7,71,sque3cw.bmp,I1,None,None,None,None,None,None,None,None,None,None,None
538,7,1,1,1,0,400,1,1,65,sque2cw.bmp,I2,None,None,None,None,None,None,None,None,None,None,None
539,7,2,2,1,0,350,2,54,182,octb5.bmp,J3,None,None,None,None,None,None,None,None,None,None,None
540,7,2,1,0,0,400,2,51,179,octa4cw.bmp,I4,None,None,None,None,None,None,None,None,None,None,None
541,7,1,2,1,0,300,1,2,66,squf3cw.bmp,J5,None,None,None,None,None,None,None,None,None,None,None
542,7,2,2,0,1,200,2,58,186,octf2cw.bmp,J3,None,None,None,None,None,None,None,None,None,None,None
543,7,2,1,0,0,250,2,51,179,octb6.bmp,I2,None,None,None,None,None,None,None,None,None,None,None
544,7,2,1,1,0,300,2,53,181,octe7cw.bmp,I5,None,None,None,None,None,None,None,None,None,None,None
545,7,1,2,0,0,250,1,4,68,squf2cw.bmp,J1,None,None,None,None,None,None,None,None,None,None,None
546,7,2,2,1,0,400,2,54,182,octe1cw.bmp,J2,None,None,None,None,None,None,None,None,None,None,None
547,7,1,1,1,1,300,1,7,71,Squa1cw.bmp,I1,None,None,None,None,None,None,None,None,None,None,None
548,7,1,1,1,0,250,1,1,65,Squd1cw.bmp,I3,None,None,None,None,None,None,None,None,None,None,None
549,7,2,2,0,0,300,2,52,180,octe2cw.bmp,J4,None,None,None,None,None,None,None,None,None,None,None
550,7,1,1,1,0,250,1,1,65,Squb3cw.bmp,I4,None,None,None,None,None,None,None,None,None,None,None
551,7,2,1,0,0,400,2,51,179,octa7cw.bmp,I1,None,None,None,None,None,None,None,None,None,None,None
552,7,1,2,1,1,250,1,8,72,Squa2cw.bmp,J3,None,None,None,None,None,None,None,None,None,None,None
553,7,2,2,0,0,350,2,52,180,octa8cw.bmp,J5,None,None,None,None,None,None,None,None,None,None,None
554,7,1,1,1,0,300,1,1,65,Squa3cw.bmp,I3,None,None,None,None,None,None,None,None,None,None,None
555,7,2,2,0,0,250,2,52,180,octa6cw.bmp,J4,None,None,None,None,None,None,None,None,None,None,None
556,7,1,2,1,0,250,1,2,66,squf7cw.bmp,J2,None,None,None,None,None,None,None,None,None,None,None
557,7,1,1,1,1,400,1,7,71,Squa6cw.bmp,I5,None,None,None,None,None,None,None,None,None,None,None
558,7,2,2,0,0,250,2,52,180,octb3.bmp,J1,None,None,None,None,None,None,None,None,None,None,None
559,7,1,1,1,1,200,1,7,71,Squd7cw.bmp,I2,None,None,None,None,None,None,None,None,None,None,None
560,8,2,2,1,0,200,2,54,182,octd2cw.bmp,J3,None,None,None,None,None,None,None,None,None,None,None
561,8,2,2,1,0,350,2,54,182,octe5cw.bmp,J1,None,None,None,None,None,None,None,None,None,None,None
562,8,1,1,1,0,300,1,1,65,Squd2cw.bmp,M5,None,None,None,None,None,None,None,None,None,None,None
563,8,2,1,0,1,250,2,57,185,octb2cw.bmp,M3,None,None,None,None,None,None,None,None,None,None,None
564,8,2,2,0,0,200,2,52,180,octd6cw.bmp,J2,None,None,None,None,None,None,None,None,None,None,None
565,8,1,2,0,0,350,1,4,68,Squd4cw.bmp,J4,None,None,None,None,None,None,None,None,None,None,None
566,8,2,1,0,0,250,2,51,179,octf8cw.bmp,M1,None,None,None,None,None,None,None,None,None,None,None
567,8,2,2,0,1,200,2,58,186,octe4cw.bmp,J5,None,None,None,None,None,None,None,None,None,None,None
568,8,1,1,1,0,250,1,1,65,sque6cw.bmp,M4,None,None,None,None,None,None,None,None,None,None,None
569,8,2,1,1,0,200,2,53,181,octf4cw.bmp,M2,None,None,None,None,None,None,None,None,None,None,None
570,8,2,2,0,0,400,2,52,180,octd8cw.bmp,J4,None,None,None,None,None,None,None,None,None,None,None
571,8,2,2,0,0,250,2,52,180,octa2cw.bmp,J5,None,None,None,None,None,None,None,None,None,None,None
572,8,1,1,1,1,350,1,7,71,Squa4cw.bmp,M5,None,None,None,None,None,None,None,None,None,None,None
573,8,2,2,0,0,350,2,52,180,octa6cw.bmp,J2,None,None,None,None,None,None,None,None,None,None,None
574,8,2,2,0,1,400,2,58,186,octa5cw.bmp,J1,None,None,None,None,None,None,None,None,None,None,None
575,8,1,1,1,0,300,1,1,65,sque8cw.bmp,M1,None,None,None,None,None,None,None,None,None,None,None
576,8,1,1,0,0,300,1,3,67,Squa8cw.bmp,M3,None,None,None,None,None,None,None,None,None,None,None
577,8,1,2,1,0,400,1,2,66,squf4cw.bmp,J3,None,None,None,None,None,None,None,None,None,None,None
578,8,2,2,0,1,250,2,58,186,octe6cw.bmp,J2,None,None,None,None,None,None,None,None,None,None,None
579,8,1,1,0,0,250,1,3,67,Squd3cw.bmp,M4,None,None,None,None,None,None,None,None,None,None,None
580,8,1,2,1,0,400,1,2,66,Squa2cw.bmp,J1,None,None,None,None,None,None,None,None,None,None,None
581,8,2,1,0,0,350,2,51,179,octa7cw.bmp,M2,None,None,None,None,None,None,None,None,None,None,None
582,8,2,1,0,0,250,2,51,179,octa4cw.bmp,M1,None,None,None,None,None,None,None,None,None,None,None
583,8,1,2,1,1,300,1,8,72,squf2cw.bmp,J5,None,None,None,None,None,None,None,None,None,None,None
584,8,1,2,0,0,250,1,4,68,sque7cw.bmp,J3,None,None,None,None,None,None,None,None,None,None,None
585,8,1,1,1,0,200,1,1,65,squf4cw.bmp,M3,None,None,None,None,None,None,None,None,None,None,None
586,8,2,2,1,0,300,2,54,182,octb2cw.bmp,J4,None,None,None,None,None,None,None,None,None,None,None
587,8,1,2,1,0,200,1,2,66,Squa1cw.bmp,J2,None,None,None,None,None,None,None,None,None,None,None
588,8,1,1,1,1,300,1,7,71,Squa7cw.bmp,M2,None,None,None,None,None,None,None,None,None,None,None
589,8,1,1,1,0,250,1,1,65,Squa3cw.bmp,M5,None,None,None,None,None,None,None,None,None,None,None
590,8,2,2,0,0,300,2,52,180,octd1cw.bmp,J4,None,None,None,None,None,None,None,None,None,None,None
591,8,1,1,1,0,400,1,1,65,Squa8cw.bmp,M4,None,None,None,None,None,None,None,None,None,None,None
592,8,2,1,0,0,350,2,51,179,octf5cw.bmp,M2,None,None,None,None,None,None,None,None,None,None,None
593,8,1,2,1,1,200,1,8,72,Squd3cw.bmp,J1,None,None,None,None,None,None,None,None,None,None,None
594,8,1,1,1,0,350,1,1,65,Squa4cw.bmp,M1,None,None,None,None,None,None,None,None,None,None,None
595,8,1,1,1,0,200,1,1,65,Squd6cw.bmp,M3,None,None,None,None,None,None,None,None,None,None,None
596,8,2,2,0,1,300,2,58,186,octd7cw.bmp,J3,None,None,None,None,None,None,None,None,None,None,None
597,8,2,1,1,0,400,2,53,181,octb5.bmp,M4,None,None,None,None,None,None,None,None,None,None,None
598,8,2,1,0,0,200,2,51,179,octd2cw.bmp,M5,None,None,None,None,None,None,None,None,None,None,None
599,8,1,2,0,0,300,1,4,68,squf6cw.bmp,J5,None,None,None,None,None,None,None,None,None,None,None
600,8,1,1,1,1,200,1,7,71,Squb2cw.bmp,M3,None,None,None,None,None,None,None,None,None,None,None
601,8,1,1,0,0,350,1,3,67,Squb5cw.bmp,M5,None,None,None,None,None,None,None,None,None,None,None
602,8,2,2,0,0,250,2,52,180,octe2cw.bmp,J4,None,None,None,None,None,None,None,None,None,None,None
603,8,2,1,0,1,200,2,57,185,octf6cw.bmp,M4,None,None,None,None,None,None,None,None,None,None,None
604,8,2,1,0,0,300,2,51,179,octa8cw.bmp,M2,None,None,None,None,None,None,None,None,None,None,None
605,8,1,2,1,0,350,1,2,66,squf8cw.bmp,J1,None,None,None,None,None,None,None,None,None,None,None
606,8,1,2,1,1,400,1,8,72,squf5cw.bmp,J2,None,None,None,None,None,None,None,None,None,None,None
607,8,2,1,1,0,250,2,53,181,octe5cw.bmp,M1,None,None,None,None,None,None,None,None,None,None,None
608,8,2,2,1,0,400,2,54,182,octb8.bmp,J3,None,None,None,None,None,None,None,None,None,None,None
609,8,2,1,0,1,400,2,57,185,octe4cw.bmp,M2,None,None,None,None,None,None,None,None,None,None,None
610,8,1,1,1,0,400,1,1,65,Squa5cw.bmp,M5,None,None,None,None,None,None,None,None,None,None,None
611,8,2,2,1,0,250,2,54,182,octf3cw.bmp,J5,None,None,None,None,None,None,None,None,None,None,None
612,8,2,1,0,0,200,2,51,179,octf7cw.bmp,M4,None,None,None,None,None,None,None,None,None,None,None
613,8,1,2,1,0,250,1,2,66,Squb4cw.bmp,J1,None,None,None,None,None,None,None,None,None,None,None
614,8,2,1,0,1,350,2,57,185,octd3cw.bmp,M3,None,None,None,None,None,None,None,None,None,None,None
615,8,1,2,1,0,350,1,2,66,Squd4cw.bmp,J4,None,None,None,None,None,None,None,None,None,None,None
616,8,1,2,1,0,300,1,2,66,Squb3cw.bmp,J2,None,None,None,None,None,None,None,None,None,None,None
617,8,1,1,1,1,400,1,7,71,Squb6cw.bmp,M1,None,None,None,None,None,None,None,None,None,None,None
618,8,2,1,0,0,400,2,51,179,octe7cw.bmp,M3,None,None,None,None,None,None,None,None,None,None,None
619,8,1,2,0,0,200,1,4,68,Squd2cw.bmp,J3,None,None,None,None,None,None,None,None,None,None,None
620,8,2,1,1,0,300,2,53,181,octb3.bmp,M5,None,None,None,None,None,None,None,None,None,None,None
621,8,1,1,1,0,350,1,1,65,sque8cw.bmp,M4,None,None,None,None,None,None,None,None,None,None,None
622,8,1,2,1,1,350,1,8,72,Squb1cw.bmp,J5,None,None,None,None,None,None,None,None,None,None,None
623,8,1,2,1,0,200,1,2,66,Squa6cw.bmp,J3,None,None,None,None,None,None,None,None,None,None,None
624,8,2,1,1,0,350,2,53,181,octf8cw.bmp,M1,None,None,None,None,None,None,None,None,None,None,None
625,8,2,2,0,0,400,2,52,180,octd5cw.bmp,J1,None,None,None,None,None,None,None,None,None,None,None
626,8,2,2,0,0,200,2,52,180,octf2cw.bmp,J5,None,None,None,None,None,None,None,None,None,None,None
627,8,1,1,1,1,250,1,7,71,sque5cw.bmp,M2,None,None,None,None,None,None,None,None,None,None,None
628,8,1,1,0,0,400,1,3,67,squf3cw.bmp,M2,None,None,None,None,None,None,None,None,None,None,None
629,8,1,2,1,0,250,1,2,66,Squd5cw.bmp,J2,None,None,None,None,None,None,None,None,None,None,None
630,8,2,2,0,0,300,2,52,180,octd6cw.bmp,J4,None,None,None,None,None,None,None,None,None,None,None
631,8,2,1,0,1,300,2,57,185,octb1.bmp,M4,None,None,None,None,None,None,None,None,None,None,None
632,8,1,1,0,0,200,1,3,67,squf7cw.bmp,M5,None,None,None,None,None,None,None,None,None,None,None
633,8,2,2,0,1,350,2,58,186,octb7.bmp,J2,None,None,None,None,None,None,None,None,None,None,None
634,8,2,2,0,0,350,2,52,180,octa1cw.bmp,J4,None,None,None,None,None,None,None,None,None,None,None
635,8,2,1,0,0,400,2,51,179,octa3cw.bmp,M1,None,None,None,None,None,None,None,None,None,None,None
636,8,1,2,1,1,250,1,8,72,Squd7cw.bmp,J5,None,None,None,None,None,None,None,None,None,None,None
637,8,1,2,0,0,400,1,4,68,sque2cw.bmp,J3,None,None,None,None,None,None,None,None,None,None,None
638,8,2,1,0,0,300,2,51,179,octb4.bmp,M3,None,None,None,None,None,None,None,None,None,None,None
639,8,1,2,1,0,300,1,2,66,Squb7cw.bmp,J1,None,None,None,None,None,None,None,None,None,None,None
640,9,2,2,0,0,400,2,52,180,octf4cw.bmp,M1,None,None,None,None,None,None,None,None,None,None,None
641,9,1,1,0,0,250,1,3,67,Squd1cw.bmp,I2,None,None,None,None,None,None,None,None,None,None,None
642,9,2,2,1,0,200,2,54,182,octe1cw.bmp,M2,None,None,None,None,None,None,None,None,None,None,None
643,9,1,1,0,0,350,1,3,67,sque3cw.bmp,I4,None,None,None,None,None,None,None,None,None,None,None
644,9,2,2,0,1,400,2,58,186,octd8cw.bmp,M5,None,None,None,None,None,None,None,None,None,None,None
645,9,1,1,0,0,400,1,3,67,squf1cw.bmp,I1,None,None,None,None,None,None,None,None,None,None,None
646,9,1,1,1,1,350,1,7,71,sque6cw.bmp,I3,None,None,None,None,None,None,None,None,None,None,None
647,9,1,2,0,0,350,1,4,68,squf2cw.bmp,M3,None,None,None,None,None,None,None,None,None,None,None
648,9,2,2,0,0,250,2,52,180,octb6.bmp,M4,None,None,None,None,None,None,None,None,None,None,None
649,9,1,1,1,0,300,1,1,65,squf4cw.bmp,I5,None,None,None,None,None,None,None,None,None,None,None
650,9,2,1,0,0,400,2,51,179,octf7cw.bmp,I3,None,None,None,None,None,None,None,None,None,None,None
651,9,2,2,0,1,250,2,58,186,octd2cw.bmp,M1,None,None,None,None,None,None,None,None,None,None,None
652,9,2,1,1,0,300,2,53,181,octf2cw.bmp,I1,None,None,None,None,None,None,None,None,None,None,None
653,9,1,1,0,0,200,1,3,67,Squd5cw.bmp,I5,None,None,None,None,None,None,None,None,None,None,None
654,9,1,2,1,0,400,1,2,66,sque8cw.bmp,M3,None,None,None,None,None,None,None,None,None,None,None
655,9,2,1,0,0,250,2,51,179,octa2cw.bmp,I2,None,None,None,None,None,None,None,None,None,None,None
656,9,2,2,0,1,200,2,58,186,octf6cw.bmp,M2,None,None,None,None,None,None,None,None,None,None,None
657,9,2,1,1,0,400,2,53,181,octf5cw.bmp,I4,None,None,None,None,None,None,None,None,None,None,None
658,9,1,1,1,0,400,1,1,65,squf7cw.bmp,I3,None,None,None,None,None,None,None,None,None,None,None
659,9,2,2,0,0,300,2,52,180,octf4cw.bmp,M5,None,None,None,None,None,None,None,None,None,None,None
660,9,1,2,0,0,400,1,4,68,Squa7cw.bmp,M4,None,None,None,None,None,None,None,None,None,None,None
661,9,1,1,1,1,400,1,7,71,Squa5cw.bmp,I1,None,None,None,None,None,None,None,None,None,None,None
662,9,2,1,1,0,200,2,53,181,octa8cw.bmp,I4,None,None,None,None,None,None,None,None,None,None,None
663,9,2,2,0,0,300,2,52,180,octd7cw.bmp,M1,None,None,None,None,None,None,None,None,None,None,None
664,9,1,2,1,1,200,1,8,72,Squd3cw.bmp,M5,None,None,None,None,None,None,None,None,None,None,None
665,9,2,1,1,0,250,2,53,181,octd1cw.bmp,I2,None,None,None,None,None,None,None,None,None,None,None
666,9,1,2,0,0,200,1,4,68,Squd1cw.bmp,M2,None,None,None,None,None,None,None,None,None,None,None
667,9,2,2,1,0,300,2,54,182,octe5cw.bmp,M4,None,None,None,None,None,None,None,None,None,None,None
668,9,1,1,1,0,200,1,1,65,Squb7cw.bmp,I5,None,None,None,None,None,None,None,None,None,None,None
669,9,1,1,1,1,200,1,7,71,Squd6cw.bmp,I3,None,None,None,None,None,None,None,None,None,None,None
670,9,2,2,1,0,350,2,54,182,octd8cw.bmp,M3,None,None,None,None,None,None,None,None,None,None,None
671,9,2,2,0,0,400,2,52,180,octf8cw.bmp,M1,None,None,None,None,None,None,None,None,None,None,None
672,9,1,1,1,0,200,1,1,65,Squa1cw.bmp,I4,None,None,None,None,None,None,None,None,None,None,None
673,9,2,1,0,0,350,2,51,179,octb7.bmp,I1,None,None,None,None,None,None,None,None,None,None,None
674,9,1,2,1,1,300,1,8,72,squf8cw.bmp,M5,None,None,None,None,None,None,None,None,None,None,None
675,9,1,2,1,0,350,1,2,66,Squa8cw.bmp,M4,None,None,None,None,None,None,None,None,None,None,None
676,9,1,1,1,0,250,1,1,65,squf3cw.bmp,I2,None,None,None,None,None,None,None,None,None,None,None
677,9,2,1,0,0,200,2,51,179,octb2cw.bmp,I5,None,None,None,None,None,None,None,None,None,None,None
678,9,2,2,0,0,250,2,52,180,octa6cw.bmp,M2,None,None,None,None,None,None,None,None,None,None,None
679,9,2,1,0,1,400,2,57,185,octb3.bmp,I4,None,None,None,None,None,None,None,None,None,None,None
680,9,1,1,1,0,350,1,1,65,Squd4cw.bmp,I2,None,None,None,None,None,None,None,None,None,None,None
681,9,1,2,1,0,300,1,2,66,sque5cw.bmp,M3,None,None,None,None,None,None,None,None,None,None,None
682,9,2,1,0,0,400,2,51,179,octe4cw.bmp,I3,None,None,None,None,None,None,None,None,None,None,None
683,9,2,1,1,0,350,2,53,181,octa5cw.bmp,I5,None,None,None,None,None,None,None,None,None,None,None
684,9,1,2,1,1,400,1,8,72,Squa2cw.bmp,M4,None,None,None,None,None,None,None,None,None,None,None
685,9,2,2,0,0,200,2,52,180,octe6cw.bmp,M1,None,None,None,None,None,None,None,None,None,None,None
686,9,2,1,0,0,300,2,51,179,octd5cw.bmp,I1,None,None,None,None,None,None,None,None,None,None,None
687,9,1,1,1,0,300,1,1,65,sque3cw.bmp,I5,None,None,None,None,None,None,None,None,None,None,None
688,9,1,2,0,0,300,1,4,68,Squa6cw.bmp,M2,None,None,None,None,None,None,None,None,None,None,None
689,9,1,1,1,1,300,1,7,71,sque2cw.bmp,I1,None,None,None,None,None,None,None,None,None,None,None
690,9,2,1,0,0,300,2,51,179,octe2cw.bmp,I2,None,None,None,None,None,None,None,None,None,None,None
691,9,2,2,1,0,250,2,54,182,octa1cw.bmp,M3,None,None,None,None,None,None,None,None,None,None,None
692,9,1,1,1,0,350,1,1,65,Squb4cw.bmp,I4,None,None,None,None,None,None,None,None,None,None,None
693,9,1,1,1,0,250,1,1,65,sque6cw.bmp,I3,None,None,None,None,None,None,None,None,None,None,None
694,9,2,2,0,1,300,2,58,186,octb6.bmp,M5,None,None,None,None,None,None,None,None,None,None,None
695,9,1,2,1,0,350,1,2,66,squf1cw.bmp,M1,None,None,None,None,None,None,None,None,None,None,None
696,9,2,1,0,0,250,2,51,179,octe1cw.bmp,I4,None,None,None,None,None,None,None,None,None,None,None
697,9,2,2,0,0,350,2,52,180,octa4cw.bmp,M3,None,None,None,None,None,None,None,None,None,None,None
698,9,1,2,1,1,250,1,8,72,squf6cw.bmp,M4,None,None,None,None,None,None,None,None,None,None,None
699,9,2,1,0,0,350,2,51,179,octa3cw.bmp,I5,None,None,None,None,None,None,None,None,None,None,None
700,9,2,2,1,0,400,2,54,182,octd3cw.bmp,M2,None,None,None,None,None,None,None,None,None,None,None
701,9,1,2,1,0,400,1,2,66,Squb1cw.bmp,M5,None,None,None,None,None,None,None,None,None,None,None
702,9,2,1,0,1,350,2,57,185,octd6cw.bmp,I3,None,None,None,None,None,None,None,None,None,None,None
703,9,1,1,0,0,300,1,3,67,sque7cw.bmp,I1,None,None,None,None,None,None,None,None,None,None,None
704,9,2,2,0,1,350,2,58,186,octe7cw.bmp,M4,None,None,None,None,None,None,None,None,None,None,None
705,9,2,2,0,0,200,2,52,180,octf3cw.bmp,M3,None,None,None,None,None,None,None,None,None,None,None
706,9,2,1,0,0,200,2,51,179,octa7cw.bmp,I2,None,None,None,None,None,None,None,None,None,None,None
707,9,1,2,1,0,200,1,2,66,Squb5cw.bmp,M2,None,None,None,None,None,None,None,None,None,None,None
708,9,1,2,1,0,300,1,2,66,squf5cw.bmp,M1,None,None,None,None,None,None,None,None,None,None,None
709,9,1,1,1,1,250,1,7,71,Squb2cw.bmp,I3,None,None,None,None,None,None,None,None,None,None,None
710,9,2,2,0,0,350,2,52,180,octb8.bmp,M5,None,None,None,None,None,None,None,None,None,None,None
711,9,1,2,1,1,350,1,8,72,Squd2cw.bmp,M3,None,None,None,None,None,None,None,None,None,None,None
712,9,1,1,1,0,400,1,1,65,Squa3cw.bmp,I1,None,None,None,None,None,None,None,None,None,None,None
713,9,2,1,0,1,300,2,57,185,octb5.bmp,I4,None,None,None,None,None,None,None,None,None,None,None
714,9,1,2,0,0,250,1,4,68,Squa4cw.bmp,M5,None,None,None,None,None,None,None,None,None,None,None
715,9,1,2,1,0,200,1,2,66,Squb6cw.bmp,M1,None,None,None,None,None,None,None,None,None,None,None
716,9,2,1,0,1,200,2,57,185,octb4.bmp,I2,None,None,None,None,None,None,None,None,None,None,None
717,9,1,2,1,0,250,1,2,66,Squd7cw.bmp,M4,None,None,None,None,None,None,None,None,None,None,None
718,9,1,2,1,0,250,1,2,66,Squb3cw.bmp,M2,None,None,None,None,None,None,None,None,None,None,None
719,9,2,1,0,1,250,2,57,185,octb1.bmp,I5,None,None,None,None,None,None,None,None,None,None,None
720,10,1,2,1,0,400,1,2,66,squf7cw.bmp,J2,None,None,None,None,None,None,None,None,None,None,None
721,10,1,1,0,0,250,1,3,67,Squa3cw.bmp,S2,None,None,None,None,None,None,None,None,None,None,None
722,10,1,1,1,0,200,1,1,65,Squb7cw.bmp,S1,None,None,None,None,None,None,None,None,None,None,None
723,10,2,2,0,0,350,2,52,180,octf6cw.bmp,J4,None,None,None,None,None,None,None,None,None,None,None
724,10,1,2,1,1,250,1,8,72,Squd7cw.bmp,J3,None,None,None,None,None,None,None,None,None,None,None
725,10,1,1,1,0,400,1,1,65,Squa4cw.bmp,S3,None,None,None,None,None,None,None,None,None,None,None
726,10,2,2,0,0,250,2,52,180,octb1.bmp,J5,None,None,None,None,None,None,None,None,None,None,None
727,10,2,1,0,0,300,2,51,179,octe5cw.bmp,S5,None,None,None,None,None,None,None,None,None,None,None
728,10,2,1,0,0,400,2,51,179,octb8.bmp,S4,None,None,None,None,None,None,None,None,None,None,None
729,10,1,2,1,1,350,1,8,72,squf5cw.bmp,J1,None,None,None,None,None,None,None,None,None,None,None
730,10,2,1,1,0,350,2,53,181,octb5.bmp,S2,None,None,None,None,None,None,None,None,None,None,None
731,10,1,1,0,0,300,1,3,67,Squd3cw.bmp,S3,None,None,None,None,None,None,None,None,None,None,None
732,10,1,2,1,0,200,1,2,66,sque2cw.bmp,J3,None,None,None,None,None,None,None,None,None,None,None
733,10,1,2,0,0,400,1,4,68,Squb6cw.bmp,J4,None,None,None,None,None,None,None,None,None,None,None
734,10,2,1,0,1,200,2,57,185,octb7.bmp,S4,None,None,None,None,None,None,None,None,None,None,None
735,10,2,2,0,0,250,2,52,180,octa6cw.bmp,J1,None,None,None,None,None,None,None,None,None,None,None
736,10,2,2,0,0,350,2,52,180,octa2cw.bmp,J2,None,None,None,None,None,None,None,None,None,None,None
737,10,1,1,0,0,200,1,3,67,squf8cw.bmp,S1,None,None,None,None,None,None,None,None,None,None,None
738,10,1,2,1,0,300,1,2,66,squf4cw.bmp,J5,None,None,None,None,None,None,None,None,None,None,None
739,10,1,1,1,1,400,1,7,71,Squa1cw.bmp,S5,None,None,None,None,None,None,None,None,None,None,None
740,10,2,1,0,0,250,2,51,179,octb2cw.bmp,S2,None,None,None,None,None,None,None,None,None,None,None
741,10,1,2,1,1,400,1,8,72,Squd5cw.bmp,J2,None,None,None,None,None,None,None,None,None,None,None
742,10,2,2,0,0,300,2,52,180,octa1cw.bmp,J5,None,None,None,None,None,None,None,None,None,None,None
743,10,2,1,0,0,200,2,51,179,octf7cw.bmp,S5,None,None,None,None,None,None,None,None,None,None,None
744,10,1,2,0,0,250,1,4,68,Squb2cw.bmp,J1,None,None,None,None,None,None,None,None,None,None,None
745,10,1,2,1,0,200,1,2,66,sque5cw.bmp,J4,None,None,None,None,None,None,None,None,None,None,None
746,10,1,1,1,1,350,1,7,71,Squa8cw.bmp,S4,None,None,None,None,None,None,None,None,None,None,None
747,10,2,1,0,0,200,2,51,179,octd3cw.bmp,S1,None,None,None,None,None,None,None,None,None,None,None
748,10,1,2,1,1,300,1,8,72,squf6cw.bmp,J3,None,None,None,None,None,None,None,None,None,None,None
749,10,2,2,1,0,350,2,54,182,octd6cw.bmp,J3,None,None,None,None,None,None,None,None,None,None,None
750,10,2,1,0,1,300,2,57,185,octe7cw.bmp,S3,None,None,None,None,None,None,None,None,None,None,None
751,10,2,1,1,0,250,2,53,181,octa7cw.bmp,S3,None,None,None,None,None,None,None,None,None,None,None
752,10,1,2,0,0,350,1,4,68,Squd6cw.bmp,J4,None,None,None,None,None,None,None,None,None,None,None
753,10,1,1,0,0,350,1,3,67,Squb5cw.bmp,S1,None,None,None,None,None,None,None,None,None,None,None
754,10,2,1,1,0,400,2,53,181,octa8cw.bmp,S4,None,None,None,None,None,None,None,None,None,None,None
755,10,2,2,0,1,200,2,58,186,octf8cw.bmp,J1,None,None,None,None,None,None,None,None,None,None,None
756,10,1,1,0,0,400,1,3,67,squf2cw.bmp,S5,None,None,None,None,None,None,None,None,None,None,None
757,10,2,1,0,0,250,2,51,179,octf5cw.bmp,S2,None,None,None,None,None,None,None,None,None,None,None
758,10,2,2,0,0,300,2,52,180,octd5cw.bmp,J2,None,None,None,None,None,None,None,None,None,None,None
759,10,2,2,0,1,300,2,58,186,octe4cw.bmp,J5,None,None,None,None,None,None,None,None,None,None,None
760,10,1,1,1,0,200,1,1,65,Squd4cw.bmp,S2,None,None,None,None,None,None,None,None,None,None,None
761,10,1,2,1,0,400,1,2,66,Squa6cw.bmp,J4,None,None,None,None,None,None,None,None,None,None,None
762,10,1,2,1,0,350,1,2,66,sque7cw.bmp,J3,None,None,None,None,None,None,None,None,None,None,None
763,10,2,1,1,0,300,2,53,181,octb3.bmp,S5,None,None,None,None,None,None,None,None,None,None,None
764,10,2,2,0,1,400,2,58,186,octf2cw.bmp,J5,None,None,None,None,None,None,None,None,None,None,None
765,10,2,1,0,0,350,2,51,179,octf3cw.bmp,S4,None,None,None,None,None,None,None,None,None,None,None
766,10,1,1,1,0,350,1,1,65,squf1cw.bmp,S1,None,None,None,None,None,None,None,None,None,None,None
767,10,2,2,0,0,400,2,52,180,octa4cw.bmp,J1,None,None,None,None,None,None,None,None,None,None,None
768,10,1,2,1,0,250,1,2,66,sque6cw.bmp,J2,None,None,None,None,None,None,None,None,None,None,None
769,10,1,1,1,1,300,1,7,71,Squb4cw.bmp,S3,None,None,None,None,None,None,None,None,None,None,None
770,10,2,1,0,0,300,2,51,179,octe2cw.bmp,S4,None,None,None,None,None,None,None,None,None,None,None
771,10,1,2,1,0,250,1,2,66,Squd2cw.bmp,J5,None,None,None,None,None,None,None,None,None,None,None
772,10,2,2,0,1,250,2,58,186,octa5cw.bmp,J4,None,None,None,None,None,None,None,None,None,None,None
773,10,2,1,1,0,200,2,53,181,octa3cw.bmp,S3,None,None,None,None,None,None,None,None,None,None,None
774,10,1,1,1,0,250,1,1,65,squf3cw.bmp,S1,None,None,None,None,None,None,None,None,None,None,None
775,10,2,2,0,1,350,2,58,186,octd1cw.bmp,J1,None,None,None,None,None,None,None,None,None,None,None
776,10,2,2,0,0,400,2,52,180,octe6cw.bmp,J2,None,None,None,None,None,None,None,None,None,None,None
777,10,2,1,0,0,400,2,51,179,octe1cw.bmp,S5,None,None,None,None,None,None,None,None,None,None,None
778,10,1,2,1,0,350,1,2,66,Squa2cw.bmp,J3,None,None,None,None,None,None,None,None,None,None,None
779,10,1,1,1,0,350,1,1,65,Squa5cw.bmp,S2,None,None,None,None,None,None,None,None,None,None,None
780,10,2,1,0,1,400,2,57,185,octb4.bmp,S1,None,None,None,None,None,None,None,None,None,None,None
781,10,2,2,1,0,250,2,54,182,octd2cw.bmp,J3,None,None,None,None,None,None,None,None,None,None,None
782,10,1,1,1,0,300,1,1,65,Squd1cw.bmp,S2,None,None,None,None,None,None,None,None,None,None,None
783,10,2,2,1,0,200,2,54,182,octd7cw.bmp,J5,None,None,None,None,None,None,None,None,None,None,None
784,10,1,1,1,1,200,1,7,71,Squa7cw.bmp,S3,None,None,None,None,None,None,None,None,None,None,None
785,10,1,2,0,0,300,1,4,68,Squb3cw.bmp,J1,None,None,None,None,None,None,None,None,None,None,None
786,10,1,1,1,0,400,1,1,65,sque3cw.bmp,S5,None,None,None,None,None,None,None,None,None,None,None
787,10,2,1,0,0,350,2,51,179,octf4cw.bmp,S4,None,None,None,None,None,None,None,None,None,None,None
788,10,2,2,0,0,200,2,52,180,octb6.bmp,J2,None,None,None,None,None,None,None,None,None,None,None
789,10,1,2,1,1,200,1,8,72,sque8cw.bmp,J4,None,None,None,None,None,None,None,None,None,None,None
790,10,1,1,1,0,250,1,1,65,Squb1cw.bmp,S1,None,None,None,None,None,None,None,None,None,None,None
791,10,1,2,0,0,200,1,4,68,Squa8cw.bmp,J3,None,None,None,None,None,None,None,None,None,None,None
792,10,2,1,0,1,350,2,57,185,octd8cw.bmp,S2,None,None,None,None,None,None,None,None,None,None,None
793,10,2,2,1,0,300,2,54,182,octf6cw.bmp,J1,None,None,None,None,None,None,None,None,None,None,None
794,10,1,1,1,0,300,1,1,65,Squd2cw.bmp,S4,None,None,None,None,None,None,None,None,None,None,None
795,10,2,2,0,0,200,2,52,180,octf3cw.bmp,J4,None,None,None,None,None,None,None,None,None,None,None
796,10,1,2,1,0,300,1,2,66,sque6cw.bmp,J5,None,None,None,None,None,None,None,None,None,None,None
797,10,2,1,0,1,250,2,57,185,octa8cw.bmp,S3,None,None,None,None,None,None,None,None,None,None,None
798,10,2,2,1,0,400,2,54,182,octe4cw.bmp,J2,None,None,None,None,None,None,None,None,None,None,None
799,10,1,1,1,1,250,1,7,71,squf7cw.bmp,S5,None,None,None,None,None,None,None,None,None,None,None
800,11,2,2,0,0,250,2,52,180,octd5cw.bmp,S2,None,None,None,None,None,None,None,None,None,None,None
801,11,2,1,1,0,250,2,53,181,octb8.bmp,M2,None,None,None,None,None,None,None,None,None,None,None
802,11,1,2,1,0,400,1,2,66,Squa3cw.bmp,S4,None,None,None,None,None,None,None,None,None,None,None
803,11,2,2,0,0,300,2,52,180,octa2cw.bmp,S5,None,None,None,None,None,None,None,None,None,None,None
804,11,2,1,0,1,400,2,57,185,octa5cw.bmp,M5,None,None,None,None,None,None,None,None,None,None,None
805,11,2,1,0,0,250,2,51,179,octb4.bmp,M1,None,None,None,None,None,None,None,None,None,None,None
806,11,1,2,1,1,200,1,8,72,Squa4cw.bmp,S3,None,None,None,None,None,None,None,None,None,None,None
807,11,2,2,0,0,200,2,52,180,octa3cw.bmp,S1,None,None,None,None,None,None,None,None,None,None,None
808,11,1,1,0,0,200,1,3,67,Squb3cw.bmp,M4,None,None,None,None,None,None,None,None,None,None,None
809,11,2,1,0,0,300,2,51,179,octf2cw.bmp,M3,None,None,None,None,None,None,None,None,None,None,None
810,11,2,2,0,0,350,2,52,180,octa6cw.bmp,S5,None,None,None,None,None,None,None,None,None,None,None
811,11,2,2,0,1,400,2,58,186,octf4cw.bmp,S3,None,None,None,None,None,None,None,None,None,None,None
812,11,1,1,1,0,400,1,1,65,Squa7cw.bmp,M5,None,None,None,None,None,None,None,None,None,None,None
813,11,2,1,1,0,200,2,53,181,octd3cw.bmp,M3,None,None,None,None,None,None,None,None,None,None,None
814,11,2,2,0,1,200,2,58,186,octe2cw.bmp,S2,None,None,None,None,None,None,None,None,None,None,None
815,11,2,2,1,0,200,2,54,182,octe5cw.bmp,S1,None,None,None,None,None,None,None,None,None,None,None
816,11,1,1,1,0,400,1,1,65,sque8cw.bmp,M4,None,None,None,None,None,None,None,None,None,None,None
817,11,1,1,1,1,400,1,7,71,Squa5cw.bmp,M2,None,None,None,None,None,None,None,None,None,None,None
818,11,1,2,1,0,400,1,2,66,sque2cw.bmp,S4,None,None,None,None,None,None,None,None,None,None,None
819,11,2,2,0,1,250,2,58,186,octb6.bmp,S5,None,None,None,None,None,None,None,None,None,None,None
820,11,1,1,1,0,200,1,1,65,sque5cw.bmp,M1,None,None,None,None,None,None,None,None,None,None,None
821,11,2,2,1,0,350,2,54,182,octd6cw.bmp,S2,None,None,None,None,None,None,None,None,None,None,None
822,11,1,1,1,0,350,1,1,65,Squd4cw.bmp,M4,None,None,None,None,None,None,None,None,None,None,None
823,11,2,2,0,0,350,2,52,180,octf8cw.bmp,S4,None,None,None,None,None,None,None,None,None,None,None
824,11,2,2,0,1,350,2,58,186,octb2cw.bmp,S1,None,None,None,None,None,None,None,None,None,None,None
825,11,2,1,0,0,350,2,51,179,octb1.bmp,M2,None,None,None,None,None,None,None,None,None,None,None
826,11,1,2,0,0,350,1,4,68,sque3cw.bmp,S3,None,None,None,None,None,None,None,None,None,None,None
827,11,2,1,0,0,400,2,51,179,octa4cw.bmp,M3,None,None,None,None,None,None,None,None,None,None,None
828,11,2,1,1,0,300,2,53,181,octd7cw.bmp,M5,None,None,None,None,None,None,None,None,None,None,None
829,11,1,2,1,1,400,1,8,72,squf4cw.bmp,S1,None,None,None,None,None,None,None,None,None,None,None
830,11,1,2,1,0,350,1,2,66,squf8cw.bmp,S3,None,None,None,None,None,None,None,None,None,None,None
831,11,1,1,1,1,300,1,7,71,Squd1cw.bmp,M1,None,None,None,None,None,None,None,None,None,None,None
832,11,2,1,1,0,350,2,53,181,octe1cw.bmp,M1,None,None,None,None,None,None,None,None,None,None,None
833,11,2,2,0,0,250,2,52,180,octd8cw.bmp,S2,None,None,None,None,None,None,None,None,None,None,None
834,11,1,1,1,0,250,1,1,65,squf1cw.bmp,M2,None,None,None,None,None,None,None,None,None,None,None
835,11,2,2,0,0,400,2,52,180,octe7cw.bmp,S4,None,None,None,None,None,None,None,None,None,None,None
836,11,2,1,0,1,350,2,57,185,octf7cw.bmp,M4,None,None,None,None,None,None,None,None,None,None,None
837,11,2,1,0,0,250,2,51,179,octb3.bmp,M3,None,None,None,None,None,None,None,None,None,None,None
838,11,1,2,1,0,300,1,2,66,Squb4cw.bmp,S5,None,None,None,None,None,None,None,None,None,None,None
839,11,1,2,1,0,200,1,2,66,Squa2cw.bmp,S4,None,None,None,None,None,None,None,None,None,None,None
840,11,1,1,1,0,300,1,1,65,squf3cw.bmp,M5,None,None,None,None,None,None,None,None,None,None,None
841,11,2,1,0,1,250,2,57,185,octa1cw.bmp,M2,None,None,None,None,None,None,None,None,None,None,None
842,11,2,2,1,0,400,2,54,182,octd2cw.bmp,S3,None,None,None,None,None,None,None,None,None,None,None
843,11,2,2,0,1,300,2,58,186,octa7cw.bmp,S5,None,None,None,None,None,None,None,None,None,None,None
844,11,1,1,0,0,400,1,3,67,Squd3cw.bmp,M3,None,None,None,None,None,None,None,None,None,None,None
845,11,1,2,1,1,350,1,8,72,Squb7cw.bmp,S1,None,None,None,None,None,None,None,None,None,None,None
846,11,1,1,1,0,350,1,1,65,Squd6cw.bmp,M5,None,None,None,None,None,None,None,None,None,None,None
847,11,2,1,0,0,200,2,51,179,octf5cw.bmp,M1,None,None,None,None,None,None,None,None,None,None,None
848,11,1,2,0,0,250,1,4,68,Squd7cw.bmp,S2,None,None,None,None,None,None,None,None,None,None,None
849,11,2,1,0,0,300,2,51,179,octe6cw.bmp,M4,None,None,None,None,None,None,None,None,None,None,None
850,11,1,1,1,1,250,1,7,71,Squb5cw.bmp,M1,None,None,None,None,None,None,None,None,None,None,None
851,11,1,2,0,0,400,1,4,68,Squb1cw.bmp,S3,None,None,None,None,None,None,None,None,None,None,None
852,11,1,2,1,0,350,1,2,66,Squb2cw.bmp,S4,None,None,None,None,None,None,None,None,None,None,None
853,11,2,1,1,0,400,2,53,181,octb7.bmp,M5,None,None,None,None,None,None,None,None,None,None,None
854,11,1,2,1,1,250,1,8,72,squf6cw.bmp,S5,None,None,None,None,None,None,None,None,None,None,None
855,11,2,1,0,0,400,2,51,179,octd1cw.bmp,M4,None,None,None,None,None,None,None,None,None,None,None
856,11,1,1,1,1,200,1,7,71,Squd5cw.bmp,M3,None,None,None,None,None,None,None,None,None,None,None
857,11,1,2,0,0,300,1,4,68,squf5cw.bmp,S2,None,None,None,None,None,None,None,None,None,None,None
858,11,1,1,1,0,200,1,1,65,Squa1cw.bmp,M2,None,None,None,None,None,None,None,None,None,None,None
859,11,2,2,0,0,400,2,52,180,octb5.bmp,S1,None,None,None,None,None,None,None,None,None,None,None
860,11,1,2,1,1,300,1,8,72,squf2cw.bmp,S3,None,None,None,None,None,None,None,None,None,None,None
861,11,2,1,0,0,350,2,51,179,octd5cw.bmp,M4,None,None,None,None,None,None,None,None,None,None,None
862,11,2,2,1,0,300,2,54,182,octf3cw.bmp,S2,None,None,None,None,None,None,None,None,None,None,None
863,11,1,2,0,0,200,1,4,68,Squa6cw.bmp,S4,None,None,None,None,None,None,None,None,None,None,None
864,11,1,1,1,0,300,1,1,65,sque7cw.bmp,M5,None,None,None,None,None,None,None,None,None,None,None
865,11,2,1,0,1,200,2,57,185,octb8.bmp,M3,None,None,None,None,None,None,None,None,None,None,None
866,11,1,2,1,0,300,1,2,66,Squb6cw.bmp,S5,None,None,None,None,None,None,None,None,None,None,None
867,11,1,1,0,0,250,1,3,67,squf4cw.bmp,M1,None,None,None,None,None,None,None,None,None,None,None
868,11,1,1,0,0,300,1,3,67,Squd4cw.bmp,M2,None,None,None,None,None,None,None,None,None,None,None
869,11,2,2,0,0,200,2,52,180,octa2cw.bmp,S1,None,None,None,None,None,None,None,None,None,None,None
870,11,2,1,0,1,300,2,57,185,octf5cw.bmp,M1,None,None,None,None,None,None,None,None,None,None,None
871,11,1,1,1,0,250,1,1,65,Squa6cw.bmp,M5,None,None,None,None,None,None,None,None,None,None,None
872,11,1,2,1,0,200,1,2,66,Squd2cw.bmp,S5,None,None,None,None,None,None,None,None,None,None,None
873,11,1,2,1,0,250,1,2,66,Squd3cw.bmp,S2,None,None,None,None,None,None,None,None,None,None,None
874,11,2,1,0,0,200,2,51,179,octd1cw.bmp,M4,None,None,None,None,None,None,None,None,None,None,None
875,11,1,1,1,1,350,1,7,71,Squd1cw.bmp,M2,None,None,None,None,None,None,None,None,None,None,None
876,11,2,2,0,0,300,2,52,180,octd7cw.bmp,S4,None,None,None,None,None,None,None,None,None,None,None
877,11,2,2,1,0,250,2,54,182,octa7cw.bmp,S3,None,None,None,None,None,None,None,None,None,None,None
878,11,1,1,0,0,350,1,3,67,Squb4cw.bmp,M3,None,None,None,None,None,None,None,None,None,None,None
879,11,1,2,1,0,250,1,2,66,sque8cw.bmp,S1,None,None,None,None,None,None,None,None,None,None,None
880,12,1,2,0,0,250,1,4,68,sque2cw.bmp,S4,None,None,None,None,None,None,None,None,None,None,None
881,12,2,1,0,0,250,2,51,179,octf6cw.bmp,I2,None,None,None,None,None,None,None,None,None,None,None
882,12,1,1,1,0,350,1,1,65,Squb2cw.bmp,I3,None,None,None,None,None,None,None,None,None,None,None
883,12,1,2,1,0,350,1,2,66,sque3cw.bmp,S1,None,None,None,None,None,None,None,None,None,None,None
884,12,2,2,0,1,300,2,58,186,octa4cw.bmp,S2,None,None,None,None,None,None,None,None,None,None,None
885,12,1,1,1,0,400,1,1,65,squf3cw.bmp,I4,None,None,None,None,None,None,None,None,None,None,None
886,12,2,2,0,0,250,2,52,180,octd8cw.bmp,S3,None,None,None,None,None,None,None,None,None,None,None
887,12,2,2,1,0,350,2,54,182,octa8cw.bmp,S5,None,None,None,None,None,None,None,None,None,None,None
888,12,2,1,0,0,300,2,51,179,octa1cw.bmp,I1,None,None,None,None,None,None,None,None,None,None,None
889,12,1,2,1,1,400,1,8,72,Squb3cw.bmp,S5,None,None,None,None,None,None,None,None,None,None,None
890,12,2,1,0,0,400,2,51,179,octb2cw.bmp,I5,None,None,None,None,None,None,None,None,None,None,None
891,12,1,1,1,1,200,1,7,71,squf2cw.bmp,I1,None,None,None,None,None,None,None,None,None,None,None
892,12,2,2,0,0,350,2,52,180,octf7cw.bmp,S2,None,None,None,None,None,None,None,None,None,None,None
893,12,2,2,0,0,400,2,52,180,octe5cw.bmp,S4,None,None,None,None,None,None,None,None,None,None,None
894,12,2,1,0,0,350,2,51,179,octa6cw.bmp,I2,None,None,None,None,None,None,None,None,None,None,None
895,12,1,1,1,0,200,1,1,65,Squa4cw.bmp,I3,None,None,None,None,None,None,None,None,None,None,None
896,12,1,2,1,1,300,1,8,72,squf5cw.bmp,S3,None,None,None,None,None,None,None,None,None,None,None
897,12,1,1,0,0,350,1,3,67,squf7cw.bmp,I4,None,None,None,None,None,None,None,None,None,None,None
898,12,2,2,0,0,250,2,52,180,octe2cw.bmp,S1,None,None,None,None,None,None,None,None,None,None,None
899,12,2,1,0,0,350,2,51,179,octe7cw.bmp,I5,None,None,None,None,None,None,None,None,None,None,None
900,12,1,1,1,0,400,1,1,65,Squb1cw.bmp,I2,None,None,None,None,None,None,None,None,None,None,None
901,12,2,2,0,1,200,2,58,186,octb5.bmp,S5,None,None,None,None,None,None,None,None,None,None,None
902,12,1,1,1,0,300,1,1,65,Squd7cw.bmp,I4,None,None,None,None,None,None,None,None,None,None,None
903,12,1,2,1,0,200,1,2,66,Squa5cw.bmp,S4,None,None,None,None,None,None,None,None,None,None,None
904,12,2,2,1,0,250,2,54,182,octa3cw.bmp,S3,None,None,None,None,None,None,None,None,None,None,None
905,12,2,1,0,1,400,2,57,185,octf4cw.bmp,I1,None,None,None,None,None,None,None,None,None,None,None
906,12,2,2,0,0,350,2,52,180,octa5cw.bmp,S2,None,None,None,None,None,None,None,None,None,None,None
907,12,1,1,1,0,250,1,1,65,Squb6cw.bmp,I3,None,None,None,None,None,None,None,None,None,None,None
908,12,1,2,0,0,200,1,4,68,Squb5cw.bmp,S1,None,None,None,None,None,None,None,None,None,None,None
909,12,2,2,0,1,250,2,58,186,octb6.bmp,S3,None,None,None,None,None,None,None,None,None,None,None
910,12,2,1,1,0,250,2,53,181,octb3.bmp,I5,None,None,None,None,None,None,None,None,None,None,None
911,12,1,2,1,0,400,1,2,66,squf1cw.bmp,S2,None,None,None,None,None,None,None,None,None,None,None
912,12,2,2,0,0,200,2,52,180,octb4.bmp,S4,None,None,None,None,None,None,None,None,None,None,None
913,12,1,1,1,1,250,1,7,71,Squb7cw.bmp,I3,None,None,None,None,None,None,None,None,None,None,None
914,12,1,2,0,0,350,1,4,68,Squa8cw.bmp,S5,None,None,None,None,None,None,None,None,None,None,None
915,12,1,1,1,0,200,1,1,65,Squd5cw.bmp,I5,None,None,None,None,None,None,None,None,None,None,None
916,12,2,1,0,1,200,2,57,185,octe6cw.bmp,I2,None,None,None,None,None,None,None,None,None,None,None
917,12,2,2,0,0,400,2,52,180,octd3cw.bmp,S1,None,None,None,None,None,None,None,None,None,None,None
918,12,1,2,1,0,250,1,2,66,squf8cw.bmp,S2,None,None,None,None,None,None,None,None,None,None,None
919,12,2,1,0,1,300,2,57,185,octd6cw.bmp,I1,None,None,None,None,None,None,None,None,None,None,None
920,12,2,2,1,0,200,2,54,182,octb7.bmp,S5,None,None,None,None,None,None,None,None,None,None,None
921,12,1,1,0,0,300,1,3,67,Squa2cw.bmp,I4,None,None,None,None,None,None,None,None,None,None,None
922,12,1,2,1,0,300,1,2,66,sque6cw.bmp,S3,None,None,None,None,None,None,None,None,None,None,None
923,12,2,1,0,0,250,2,51,179,octf8cw.bmp,I3,None,None,None,None,None,None,None,None,None,None,None
924,12,2,2,0,1,350,2,58,186,octd2cw.bmp,S4,None,None,None,None,None,None,None,None,None,None,None
925,12,1,1,0,0,400,1,3,67,sque5cw.bmp,I5,None,None,None,None,None,None,None,None,None,None,None
926,12,2,1,1,0,200,2,53,181,octb1.bmp,I4,None,None,None,None,None,None,None,None,None,None,None
927,12,1,2,1,0,200,1,2,66,sque7cw.bmp,S1,None,None,None,None,None,None,None,None,None,None,None
928,12,2,1,0,0,200,2,51,179,octe4cw.bmp,I1,None,None,None,None,None,None,None,None,None,None,None
929,12,1,2,1,1,250,1,8,72,Squa1cw.bmp,S1,None,None,None,None,None,None,None,None,None,None,None
930,12,2,1,0,0,200,2,51,179,octf2cw.bmp,I2,None,None,None,None,None,None,None,None,None,None,None
931,12,1,1,1,1,400,1,7,71,Squa3cw.bmp,I4,None,None,None,None,None,None,None,None,None,None,None
932,12,2,2,0,0,200,2,52,180,octe1cw.bmp,S2,None,None,None,None,None,None,None,None,None,None,None
933,12,1,2,0,0,300,1,4,68,Squd6cw.bmp,S4,None,None,None,None,None,None,None,None,None,None,None
934,12,1,1,1,0,250,1,1,65,squf6cw.bmp,I5,None,None,None,None,None,None,None,None,None,None,None
935,12,2,1,0,0,400,2,51,179,octa4cw.bmp,I2,None,None,None,None,None,None,None,None,None,None,None
936,12,1,2,1,1,200,1,8,72,Squa7cw.bmp,S5,None,None,None,None,None,None,None,None,None,None,None
937,12,1,2,1,0,350,1,2,66,squf3cw.bmp,S3,None,None,None,None,None,None,None,None,None,None,None
938,12,1,1,1,1,300,1,7,71,Squd5cw.bmp,I3,None,None,None,None,None,None,None,None,None,None,None
939,12,2,2,1,0,400,2,54,182,octf6cw.bmp,S2,None,None,None,None,None,None,None,None,None,None,None
940,12,1,1,0,0,250,1,3,67,squf4cw.bmp,I1,None,None,None,None,None,None,None,None,None,None,None
941,12,2,2,1,0,300,2,54,182,octf7cw.bmp,S5,None,None,None,None,None,None,None,None,None,None,None
942,12,1,2,1,0,400,1,2,66,sque6cw.bmp,S3,None,None,None,None,None,None,None,None,None,None,None
943,12,1,1,1,1,350,1,7,71,Squa3cw.bmp,I4,None,None,None,None,None,None,None,None,None,None,None
944,12,2,1,1,0,350,2,53,181,octb3.bmp,I1,None,None,None,None,None,None,None,None,None,None,None
945,12,1,2,1,0,300,1,2,66,squf5cw.bmp,S4,None,None,None,None,None,None,None,None,None,None,None
946,12,2,1,0,1,350,2,57,185,octa6cw.bmp,I3,None,None,None,None,None,None,None,None,None,None,None
947,12,1,2,1,0,250,1,2,66,Squb3cw.bmp,S1,None,None,None,None,None,None,None,None,None,None,None
948,12,1,2,0,0,400,1,4,68,squf1cw.bmp,S2,None,None,None,None,None,None,None,None,None,None,None
949,12,2,1,0,1,250,2,57,185,octb4.bmp,I5,None,None,None,None,None,None,None,None,None,None,None
950,12,2,1,1,0,300,2,53,181,octa2cw.bmp,I2,None,None,None,None,None,None,None,None,None,None,None
951,12,1,2,1,1,350,1,8,72,squf2cw.bmp,S4,None,None,None,None,None,None,None,None,None,None,None
952,12,2,1,1,0,400,2,53,181,octd6cw.bmp,I3,None,None,None,None,None,None,None,None,None,None,None
953,12,1,1,0,0,200,1,3,67,Squb7cw.bmp,I1,None,None,None,None,None,None,None,None,None,None,None
954,12,2,2,0,0,300,2,52,180,octe1cw.bmp,S3,None,None,None,None,None,None,None,None,None,None,None
955,12,1,1,1,0,350,1,1,65,Squd2cw.bmp,I2,None,None,None,None,None,None,None,None,None,None,None
956,12,2,2,0,1,400,2,58,186,octa7cw.bmp,S5,None,None,None,None,None,None,None,None,None,None,None
957,12,1,1,1,0,300,1,1,65,Squa1cw.bmp,I4,None,None,None,None,None,None,None,None,None,None,None
958,12,2,2,0,0,300,2,52,180,octd3cw.bmp,S1,None,None,None,None,None,None,None,None,None,None,None
959,12,2,1,0,0,300,2,51,179,octb7.bmp,I5,None,None,None,None,None,None,None,None,None,None,None
960,,None,None,None,None,None,None,None,None,None,None,None,,,,,,,,,,
